-- MySQL dump 10.13  Distrib 8.0.19, for Win64 (x86_64)
--
-- Host: localhost    Database: company
-- ------------------------------------------------------
-- Server version	8.4.6

/*!40101 SET @OLD_CHARACTER_SET_CLIENT=@@CHARACTER_SET_CLIENT */;
/*!40101 SET @OLD_CHARACTER_SET_RESULTS=@@CHARACTER_SET_RESULTS */;
/*!40101 SET @OLD_COLLATION_CONNECTION=@@COLLATION_CONNECTION */;
/*!50503 SET NAMES utf8mb4 */;
/*!40103 SET @OLD_TIME_ZONE=@@TIME_ZONE */;
/*!40103 SET TIME_ZONE='+00:00' */;
/*!40014 SET @OLD_UNIQUE_CHECKS=@@UNIQUE_CHECKS, UNIQUE_CHECKS=0 */;
/*!40014 SET @OLD_FOREIGN_KEY_CHECKS=@@FOREIGN_KEY_CHECKS, FOREIGN_KEY_CHECKS=0 */;
/*!40101 SET @OLD_SQL_MODE=@@SQL_MODE, SQL_MODE='NO_AUTO_VALUE_ON_ZERO' */;
/*!40111 SET @OLD_SQL_NOTES=@@SQL_NOTES, SQL_NOTES=0 */;

--
-- Table structure for table `department_history`
--

DROP TABLE IF EXISTS `department_history`;
/*!40101 SET @saved_cs_client     = @@character_set_client */;
/*!50503 SET character_set_client = utf8mb4 */;
CREATE TABLE `department_history` (
  `id` int NOT NULL AUTO_INCREMENT,
  `employee_id` varchar(255) NOT NULL,
  `old_department_id` varchar(255) DEFAULT NULL,
  `new_department_id` varchar(255) NOT NULL,
  `change_date` timestamp NOT NULL,
  PRIMARY KEY (`id`),
  KEY `fk_employee_id` (`employee_id`),
  KEY `fk_old_department` (`old_department_id`),
  KEY `fk_new_department` (`new_department_id`),
  CONSTRAINT `fk_employee_id` FOREIGN KEY (`employee_id`) REFERENCES `employees` (`id`) ON DELETE CASCADE,
  CONSTRAINT `fk_new_department` FOREIGN KEY (`new_department_id`) REFERENCES `departments` (`id`) ON DELETE RESTRICT,
  CONSTRAINT `fk_old_department` FOREIGN KEY (`old_department_id`) REFERENCES `departments` (`id`) ON DELETE SET NULL
) ENGINE=InnoDB AUTO_INCREMENT=102 DEFAULT CHARSET=utf8mb4 COLLATE=utf8mb4_0900_ai_ci;
/*!40101 SET character_set_client = @saved_cs_client */;

--
-- Dumping data for table `department_history`
--

LOCK TABLES `department_history` WRITE;
/*!40000 ALTER TABLE `department_history` DISABLE KEYS */;
INSERT INTO `department_history` VALUES (1,'emp-001',NULL,'dept-001','2023-01-15 09:00:00'),(2,'emp-002',NULL,'dept-002','2023-02-20 10:30:00'),(3,'emp-003',NULL,'dept-005','2023-03-10 11:45:00'),(4,'emp-004',NULL,'dept-004','2023-04-05 14:00:00'),(5,'emp-005',NULL,'dept-003','2023-05-01 09:30:00'),(6,'emp-006',NULL,'dept-005','2023-05-15 13:00:00'),(7,'emp-007',NULL,'dept-006','2023-06-25 15:00:00'),(8,'emp-008',NULL,'dept-007','2023-07-01 08:45:00'),(9,'emp-009',NULL,'dept-008','2023-07-10 10:15:00'),(10,'emp-010',NULL,'dept-009','2023-08-01 11:00:00'),(11,'emp-011',NULL,'dept-010','2023-08-20 14:30:00'),(12,'emp-012',NULL,'dept-011','2023-09-01 09:00:00'),(13,'emp-013',NULL,'dept-012','2023-09-15 10:45:00'),(14,'emp-014',NULL,'dept-013','2023-10-01 11:30:00'),(15,'emp-015',NULL,'dept-014','2023-10-10 15:00:00'),(16,'emp-016',NULL,'dept-015','2023-10-25 09:00:00'),(17,'emp-017',NULL,'dept-016','2023-11-01 10:00:00'),(18,'emp-018',NULL,'dept-017','2023-11-15 13:00:00'),(19,'emp-019',NULL,'dept-018','2023-12-01 14:30:00'),(20,'emp-020',NULL,'dept-019','2023-12-10 16:00:00'),(21,'emp-021',NULL,'dept-020','2024-01-05 09:00:00'),(22,'emp-022',NULL,'dept-021','2024-01-20 11:00:00'),(23,'emp-023',NULL,'dept-022','2024-02-01 10:30:00'),(24,'emp-024',NULL,'dept-023','2024-02-15 13:00:00'),(25,'emp-025',NULL,'dept-024','2024-03-01 14:00:00'),(26,'emp-026',NULL,'dept-025','2024-03-15 10:00:00'),(27,'emp-027',NULL,'dept-026','2024-04-01 09:30:00'),(28,'emp-028',NULL,'dept-027','2024-04-15 11:00:00'),(29,'emp-029',NULL,'dept-028','2024-05-01 13:00:00'),(30,'emp-030',NULL,'dept-029','2024-05-15 14:30:00'),(31,'emp-031',NULL,'dept-030','2024-06-01 10:00:00'),(32,'emp-032',NULL,'dept-031','2024-06-15 11:30:00'),(33,'emp-033',NULL,'dept-032','2024-07-01 09:00:00'),(34,'emp-034',NULL,'dept-033','2024-07-15 10:45:00'),(35,'emp-035',NULL,'dept-034','2024-08-01 13:00:00'),(36,'emp-036',NULL,'dept-035','2024-08-15 14:00:00'),(37,'emp-037',NULL,'dept-036','2024-09-01 09:30:00'),(38,'emp-038',NULL,'dept-037','2024-09-15 11:00:00'),(39,'emp-039',NULL,'dept-038','2024-10-01 10:00:00'),(40,'emp-040',NULL,'dept-039','2024-10-15 14:00:00'),(41,'emp-041',NULL,'dept-040','2024-11-01 11:00:00'),(42,'emp-042',NULL,'dept-041','2024-11-15 12:00:00'),(43,'emp-043',NULL,'dept-042','2024-12-01 09:00:00'),(44,'emp-044',NULL,'dept-043','2024-12-15 10:00:00'),(45,'emp-045',NULL,'dept-044','2025-01-01 11:30:00'),(46,'emp-046',NULL,'dept-045','2025-01-15 14:00:00'),(47,'emp-047',NULL,'dept-046','2025-02-01 09:00:00'),(48,'emp-048',NULL,'dept-047','2025-02-15 10:30:00'),(49,'emp-049',NULL,'dept-048','2025-03-01 11:00:00'),(50,'emp-050',NULL,'dept-049','2025-03-15 12:00:00'),(51,'emp-051',NULL,'dept-050','2025-04-01 10:00:00'),(52,'emp-052',NULL,'dept-051','2025-04-15 13:00:00'),(53,'emp-053',NULL,'dept-052','2025-05-01 09:00:00'),(54,'emp-054',NULL,'dept-053','2025-05-15 10:30:00'),(55,'emp-055',NULL,'dept-054','2025-06-01 11:00:00'),(56,'emp-056',NULL,'dept-055','2025-06-15 12:00:00'),(57,'emp-057',NULL,'dept-056','2025-07-01 10:00:00'),(58,'emp-058',NULL,'dept-057','2025-07-15 11:30:00'),(59,'emp-059',NULL,'dept-058','2025-08-01 09:00:00'),(60,'emp-060',NULL,'dept-059','2025-08-15 10:00:00'),(61,'emp-061',NULL,'dept-060','2025-09-01 11:00:00'),(62,'emp-062',NULL,'dept-061','2025-09-15 12:00:00'),(63,'emp-063',NULL,'dept-062','2025-10-01 10:30:00'),(64,'emp-064',NULL,'dept-063','2025-10-15 11:00:00'),(65,'emp-065',NULL,'dept-064','2025-11-01 09:00:00'),(66,'emp-066',NULL,'dept-065','2025-11-15 10:00:00'),(67,'emp-067',NULL,'dept-066','2025-12-01 11:00:00'),(68,'emp-068',NULL,'dept-067','2025-12-15 12:00:00'),(69,'emp-069',NULL,'dept-068','2026-01-01 09:00:00'),(70,'emp-070',NULL,'dept-069','2026-01-15 10:00:00'),(71,'emp-071',NULL,'dept-070','2026-02-01 11:00:00'),(72,'emp-072',NULL,'dept-071','2026-02-15 12:00:00'),(73,'emp-073',NULL,'dept-072','2026-03-01 10:00:00'),(74,'emp-074',NULL,'dept-073','2026-03-15 11:00:00'),(75,'emp-075',NULL,'dept-074','2026-04-01 12:00:00'),(76,'emp-076',NULL,'dept-075','2026-04-15 10:00:00'),(77,'emp-077',NULL,'dept-076','2026-05-01 11:00:00'),(78,'emp-078',NULL,'dept-077','2026-05-15 12:00:00'),(79,'emp-079',NULL,'dept-078','2026-06-01 10:00:00'),(80,'emp-080',NULL,'dept-079','2026-06-15 11:00:00'),(81,'emp-081',NULL,'dept-080','2026-07-01 12:00:00'),(82,'emp-082',NULL,'dept-081','2026-07-15 10:00:00'),(83,'emp-083',NULL,'dept-082','2026-08-01 11:00:00'),(84,'emp-084',NULL,'dept-083','2026-08-15 12:00:00'),(85,'emp-085',NULL,'dept-084','2026-09-01 10:00:00'),(86,'emp-086',NULL,'dept-085','2026-09-15 11:00:00'),(87,'emp-087',NULL,'dept-086','2026-10-01 12:00:00'),(88,'emp-088',NULL,'dept-087','2026-10-15 10:00:00'),(89,'emp-089',NULL,'dept-088','2026-11-01 11:00:00'),(90,'emp-090',NULL,'dept-089','2026-11-15 12:00:00'),(91,'emp-091',NULL,'dept-090','2026-12-01 10:00:00'),(92,'emp-092',NULL,'dept-091','2026-12-15 11:00:00'),(93,'emp-093',NULL,'dept-092','2027-01-01 12:00:00'),(94,'emp-094',NULL,'dept-093','2027-01-15 10:00:00'),(95,'emp-095',NULL,'dept-094','2027-02-01 11:00:00'),(96,'emp-096',NULL,'dept-095','2027-02-15 12:00:00'),(97,'emp-097',NULL,'dept-096','2027-03-01 10:00:00'),(98,'emp-098',NULL,'dept-097','2027-03-15 11:00:00'),(99,'emp-099',NULL,'dept-098','2027-04-01 12:00:00'),(100,'emp-100',NULL,'dept-099','2027-04-15 10:00:00'),(101,'emp-001','dept-001','dept-005','2025-09-16 15:17:38');
/*!40000 ALTER TABLE `department_history` ENABLE KEYS */;
UNLOCK TABLES;

--
-- Table structure for table `departments`
--

DROP TABLE IF EXISTS `departments`;
/*!40101 SET @saved_cs_client     = @@character_set_client */;
/*!50503 SET character_set_client = utf8mb4 */;
CREATE TABLE `departments` (
  `id` varchar(255) NOT NULL,
  `name` varchar(255) NOT NULL,
  PRIMARY KEY (`id`)
) ENGINE=InnoDB DEFAULT CHARSET=utf8mb4 COLLATE=utf8mb4_0900_ai_ci;
/*!40101 SET character_set_client = @saved_cs_client */;

--
-- Dumping data for table `departments`
--

LOCK TABLES `departments` WRITE;
/*!40000 ALTER TABLE `departments` DISABLE KEYS */;
INSERT INTO `departments` VALUES ('1dacf20a-4134-49fb-96b4-4e856f7b7e5f','first test department'),('dept-001','Sales'),('dept-002','Marketing'),('dept-003','Human Resources'),('dept-004','Finance'),('dept-005','Engineering'),('dept-006','Research and Development'),('dept-007','Customer Support'),('dept-008','IT Services'),('dept-009','Legal'),('dept-010','Product Management'),('dept-011','Operations'),('dept-012','Public Relations'),('dept-013','Logistics'),('dept-014','Quality Assurance'),('dept-015','Training and Development'),('dept-016','Strategy'),('dept-017','Business Development'),('dept-018','Design'),('dept-019','Analytics'),('dept-020','Field Operations'),('dept-021','Maintenance'),('dept-022','Compliance'),('dept-023','Recruitment'),('dept-024','Corporate Affairs'),('dept-025','Communications'),('dept-026','Health and Safety'),('dept-027','Community Relations'),('dept-028','Procurement'),('dept-029','Supply Chain'),('dept-030','Risk Management'),('dept-031','Investment'),('dept-032','Mergers and Acquisitions'),('dept-033','Internal Audit'),('dept-034','Data Science'),('dept-035','User Experience'),('dept-036','Cybersecurity'),('dept-037','Cloud Computing'),('dept-038','Robotics'),('dept-039','Automation'),('dept-040','Sustainability'),('dept-041','Investor Relations'),('dept-042','Talent Management'),('dept-043','Employee Relations'),('dept-044','Compensation and Benefits'),('dept-045','Performance Management'),('dept-046','Organizational Development'),('dept-047','Payroll'),('dept-048','Accounting'),('dept-049','Treasury'),('dept-050','Taxation'),('dept-051','Financial Planning'),('dept-052','Corporate Finance'),('dept-053','Credit Analysis'),('dept-054','Financial Reporting'),('dept-055','Project Management'),('dept-056','Software Development'),('dept-057','Hardware Engineering'),('dept-058','Network Operations'),('dept-059','System Administration'),('dept-060','Database Administration'),('dept-061','Security Operations'),('dept-062','Information Security'),('dept-063','Content Creation'),('dept-064','Social Media Marketing'),('dept-065','Search Engine Optimization'),('dept-066','Public Relations'),('dept-067','Market Research'),('dept-068','Customer Service'),('dept-069','Technical Support'),('dept-070','Sales Operations'),('dept-071','Client Management'),('dept-072','Event Planning'),('dept-073','Warehouse Management'),('dept-074','Transportation'),('dept-075','Import/Export'),('dept-076','Legal Counsel'),('dept-077','Patent Law'),('dept-078','Mergers and Acquisitions'),('dept-079','Trademark Law'),('dept-080','Contract Management'),('dept-081','Environmental Law'),('dept-082','Intellectual Property'),('dept-083','Internal Affairs'),('dept-084','Forensic Accounting'),('dept-085','Fraud Investigation'),('dept-086','Operational Auditing'),('dept-087','Strategic Planning'),('dept-088','Change Management'),('dept-089','Process Improvement'),('dept-090','Corporate Social Responsibility'),('dept-091','Brand Management'),('dept-092','Product Launch'),('dept-093','Market Analysis'),('dept-094','Consumer Insights'),('dept-095','Research & Development'),('dept-096','Applied Sciences'),('dept-097','New Technologies'),('dept-098','Prototyping'),('dept-099','Pilot Programs'),('dept-100','Incubation');
/*!40000 ALTER TABLE `departments` ENABLE KEYS */;
UNLOCK TABLES;

--
-- Table structure for table `employee_department`
--

DROP TABLE IF EXISTS `employee_department`;
/*!40101 SET @saved_cs_client     = @@character_set_client */;
/*!50503 SET character_set_client = utf8mb4 */;
CREATE TABLE `employee_department` (
  `employee_id` varchar(255) NOT NULL,
  `department_id` varchar(255) NOT NULL,
  KEY `FK4cbu73xwprtxd3tpcop5w9chi` (`department_id`),
  KEY `FKeivrxorxedw0jroshkmeix9is` (`employee_id`),
  CONSTRAINT `FK4cbu73xwprtxd3tpcop5w9chi` FOREIGN KEY (`department_id`) REFERENCES `departments` (`id`),
  CONSTRAINT `FKeivrxorxedw0jroshkmeix9is` FOREIGN KEY (`employee_id`) REFERENCES `employees` (`id`)
) ENGINE=InnoDB DEFAULT CHARSET=utf8mb4 COLLATE=utf8mb4_0900_ai_ci;
/*!40101 SET character_set_client = @saved_cs_client */;

--
-- Dumping data for table `employee_department`
--

LOCK TABLES `employee_department` WRITE;
/*!40000 ALTER TABLE `employee_department` DISABLE KEYS */;
/*!40000 ALTER TABLE `employee_department` ENABLE KEYS */;
UNLOCK TABLES;

--
-- Table structure for table `employees`
--

DROP TABLE IF EXISTS `employees`;
/*!40101 SET @saved_cs_client     = @@character_set_client */;
/*!50503 SET character_set_client = utf8mb4 */;
CREATE TABLE `employees` (
  `id` varchar(255) NOT NULL,
  `username` varchar(255) NOT NULL,
  `email` varchar(255) NOT NULL,
  `fullname` varchar(255) NOT NULL,
  `department` varchar(255) DEFAULT NULL,
  `position` varchar(255) DEFAULT NULL,
  `salary` int DEFAULT NULL,
  `created_at` timestamp NOT NULL,
  `updated_at` timestamp NOT NULL,
  PRIMARY KEY (`id`),
  UNIQUE KEY `username` (`username`),
  UNIQUE KEY `email` (`email`),
  KEY `FKmkeq49olabodcw5m680b3g466` (`department`),
  CONSTRAINT `FKmkeq49olabodcw5m680b3g466` FOREIGN KEY (`department`) REFERENCES `departments` (`id`)
) ENGINE=InnoDB DEFAULT CHARSET=utf8mb4 COLLATE=utf8mb4_0900_ai_ci;
/*!40101 SET character_set_client = @saved_cs_client */;

--
-- Dumping data for table `employees`
--

LOCK TABLES `employees` WRITE;
/*!40000 ALTER TABLE `employees` DISABLE KEYS */;
INSERT INTO `employees` VALUES ('emp-001','j.doe','john.doe@example.com','Nguyen Duy Phong','dept-005','Software Developer',26000000,'2023-01-15 09:00:00','2025-09-16 15:17:38'),('emp-002','a.smith','jane.smith@example.com','Jane Smith','dept-002','Marketing Specialist',65000,'2023-02-20 10:30:00','2023-02-20 10:30:00'),('emp-003','m.garcia','mike.garcia@example.com','Mike Garcia','dept-005','Software Engineer',95000,'2023-03-10 11:45:00','2023-03-10 11:45:00'),('emp-004','e.jones','emily.jones@example.com','Emily Jones','dept-004','Financial Analyst',70000,'2023-04-05 14:00:00','2023-04-05 14:00:00'),('emp-005','b.williams','bryan.williams@example.com','Bryan Williams','dept-003','HR Generalist',60000,'2023-05-01 09:30:00','2023-05-01 09:30:00'),('emp-006','s.brown','sara.brown@example.com','Sara Brown','dept-005','Data Scientist',110000,'2023-05-15 13:00:00','2023-05-15 13:00:00'),('emp-007','j.miller','jack.miller@example.com','Jack Miller','dept-006','Research Scientist',120000,'2023-06-25 15:00:00','2023-06-25 15:00:00'),('emp-008','l.wilson','linda.wilson@example.com','Linda Wilson','dept-007','Customer Support Agent',55000,'2023-07-01 08:45:00','2023-07-01 08:45:00'),('emp-009','c.moore','chris.moore@example.com','Chris Moore','dept-008','Network Administrator',85000,'2023-07-10 10:15:00','2023-07-10 10:15:00'),('emp-010','n.taylor','nancy.taylor@example.com','Nancy Taylor','dept-009','Legal Counsel',130000,'2023-08-01 11:00:00','2023-08-01 11:00:00'),('emp-011','d.anderson','david.anderson@example.com','David Anderson','dept-010','Product Manager',105000,'2023-08-20 14:30:00','2023-08-20 14:30:00'),('emp-012','p.thomas','patricia.thomas@example.com','Patricia Thomas','dept-011','Operations Manager',90000,'2023-09-01 09:00:00','2023-09-01 09:00:00'),('emp-013','r.jackson','robert.jackson@example.com','Robert Jackson','dept-012','PR Coordinator',68000,'2023-09-15 10:45:00','2023-09-15 10:45:00'),('emp-014','m.white','mary.white@example.com','Mary White','dept-013','Logistics Coordinator',58000,'2023-10-01 11:30:00','2023-10-01 11:30:00'),('emp-015','j.harris','james.harris@example.com','James Harris','dept-014','QA Engineer',75000,'2023-10-10 15:00:00','2023-10-10 15:00:00'),('emp-016','a.clark','anna.clark@example.com','Anna Clark','dept-015','Training Specialist',62000,'2023-10-25 09:00:00','2023-10-25 09:00:00'),('emp-017','l.lewis','lisa.lewis@example.com','Lisa Lewis','dept-016','Strategic Planner',115000,'2023-11-01 10:00:00','2023-11-01 10:00:00'),('emp-018','p.walker','paul.walker@example.com','Paul Walker','dept-017','Business Development Manager',100000,'2023-11-15 13:00:00','2023-11-15 13:00:00'),('emp-019','e.hall','elizabeth.hall@example.com','Elizabeth Hall','dept-018','UX/UI Designer',88000,'2023-12-01 14:30:00','2023-12-01 14:30:00'),('emp-020','j.allen','joseph.allen@example.com','Joseph Allen','dept-019','Data Analyst',72000,'2023-12-10 16:00:00','2023-12-10 16:00:00'),('emp-021','k.king','karen.king@example.com','Karen King','dept-020','Field Manager',92000,'2024-01-05 09:00:00','2024-01-05 09:00:00'),('emp-022','g.wright','george.wright@example.com','George Wright','dept-021','Maintenance Technician',50000,'2024-01-20 11:00:00','2024-01-20 11:00:00'),('emp-023','s.lopez','susan.lopez@example.com','Susan Lopez','dept-022','Compliance Officer',85000,'2024-02-01 10:30:00','2024-02-01 10:30:00'),('emp-024','d.scott','daniel.scott@example.com','Daniel Scott','dept-023','Recruitment Specialist',70000,'2024-02-15 13:00:00','2024-02-15 13:00:00'),('emp-025','j.green','jennifer.green@example.com','Jennifer Green','dept-024','Corporate Affairs Director',140000,'2024-03-01 14:00:00','2024-03-01 14:00:00'),('emp-026','m.adams','matthew.adams@example.com','Matthew Adams','dept-025','Communications Manager',95000,'2024-03-15 10:00:00','2024-03-15 10:00:00'),('emp-027','l.baker','laura.baker@example.com','Laura Baker','dept-026','Safety Officer',68000,'2024-04-01 09:30:00','2024-04-01 09:30:00'),('emp-028','t.carter','thomas.carter@example.com','Thomas Carter','dept-027','Community Relations Manager',82000,'2024-04-15 11:00:00','2024-04-15 11:00:00'),('emp-029','a.mitchell','amanda.mitchell@example.com','Amanda Mitchell','dept-028','Procurement Officer',75000,'2024-05-01 13:00:00','2024-05-01 13:00:00'),('emp-030','d.phillips','david.phillips@example.com','David Phillips','dept-029','Supply Chain Analyst',70000,'2024-05-15 14:30:00','2024-05-15 14:30:00'),('emp-031','m.evans','mary.evans@example.com','Mary Evans','dept-030','Risk Manager',110000,'2024-06-01 10:00:00','2024-06-01 10:00:00'),('emp-032','j.collins','john.collins@example.com','John Collins','dept-031','Investment Analyst',120000,'2024-06-15 11:30:00','2024-06-15 11:30:00'),('emp-033','s.stewart','susan.stewart@example.com','Susan Stewart','dept-032','M&A Specialist',135000,'2024-07-01 09:00:00','2024-07-01 09:00:00'),('emp-034','b.morris','bill.morris@example.com','Bill Morris','dept-033','Internal Auditor',90000,'2024-07-15 10:45:00','2024-07-15 10:45:00'),('emp-035','r.rogers','ryan.rogers@example.com','Ryan Rogers','dept-034','Data Scientist',115000,'2024-08-01 13:00:00','2024-08-01 13:00:00'),('emp-036','p.patterson','peter.patterson@example.com','Peter Patterson','dept-035','UX Researcher',85000,'2024-08-15 14:00:00','2024-08-15 14:00:00'),('emp-037','k.bell','kimberly.bell@example.com','Kimberly Bell','dept-036','Cybersecurity Analyst',105000,'2024-09-01 09:30:00','2024-09-01 09:30:00'),('emp-038','a.morgan','alex.morgan@example.com','Alex Morgan','dept-037','Cloud Engineer',100000,'2024-09-15 11:00:00','2024-09-15 11:00:00'),('emp-039','s.jones','sam.jones@example.com','Sam Jones','dept-038','Robotics Engineer',125000,'2024-10-01 10:00:00','2024-10-01 10:00:00'),('emp-040','c.bailey','carl.bailey@example.com','Carl Bailey','dept-039','Automation Specialist',98000,'2024-10-15 14:00:00','2024-10-15 14:00:00'),('emp-041','l.gonzales','linda.gonzales@example.com','Linda Gonzales','dept-040','Sustainability Officer',85000,'2024-11-01 11:00:00','2024-11-01 11:00:00'),('emp-042','m.watson','mark.watson@example.com','Mark Watson','dept-041','Investor Relations Manager',130000,'2024-11-15 12:00:00','2024-11-15 12:00:00'),('emp-043','d.rogers','diane.rogers@example.com','Diane Rogers','dept-042','Talent Manager',90000,'2024-12-01 09:00:00','2024-12-01 09:00:00'),('emp-044','e.cox','eric.cox@example.com','Eric Cox','dept-043','Employee Relations Specialist',78000,'2024-12-15 10:00:00','2024-12-15 10:00:00'),('emp-045','j.price','jessica.price@example.com','Jessica Price','dept-044','Compensation Analyst',85000,'2025-01-01 11:30:00','2025-01-01 11:30:00'),('emp-046','k.long','kevin.long@example.com','Kevin Long','dept-045','Performance Manager',100000,'2025-01-15 14:00:00','2025-01-15 14:00:00'),('emp-047','c.reed','cynthia.reed@example.com','Cynthia Reed','dept-046','Organizational Developer',110000,'2025-02-01 09:00:00','2025-02-01 09:00:00'),('emp-048','b.kelly','brian.kelly@example.com','Brian Kelly','dept-047','Payroll Specialist',65000,'2025-02-15 10:30:00','2025-02-15 10:30:00'),('emp-049','t.sanders','timothy.sanders@example.com','Timothy Sanders','dept-048','Accountant',75000,'2025-03-01 11:00:00','2025-03-01 11:00:00'),('emp-050','s.russell','sharon.russell@example.com','Sharon Russell','dept-049','Treasury Analyst',95000,'2025-03-15 12:00:00','2025-03-15 12:00:00'),('emp-051','c.henderson','christopher.henderson@example.com','Christopher Henderson','dept-050','Tax Advisor',120000,'2025-04-01 10:00:00','2025-04-01 10:00:00'),('emp-052','a.cole','amanda.cole@example.com','Amanda Cole','dept-051','Financial Planner',105000,'2025-04-15 13:00:00','2025-04-15 13:00:00'),('emp-053','j.hughes','jason.hughes@example.com','Jason Hughes','dept-052','Corporate Finance Manager',130000,'2025-05-01 09:00:00','2025-05-01 09:00:00'),('emp-054','l.peters','linda.peters@example.com','Linda Peters','dept-053','Credit Analyst',70000,'2025-05-15 10:30:00','2025-05-15 10:30:00'),('emp-055','p.richardson','patrick.richardson@example.com','Patrick Richardson','dept-054','Financial Reporter',88000,'2025-06-01 11:00:00','2025-06-01 11:00:00'),('emp-056','m.jones','maria.jones@example.com','Maria Jones','dept-055','Project Coordinator',90000,'2025-06-15 12:00:00','2025-06-15 12:00:00'),('emp-057','s.watson','steven.watson@example.com','Steven Watson','dept-056','Software Developer',98000,'2025-07-01 10:00:00','2025-07-01 10:00:00'),('emp-058','t.evans','tina.evans@example.com','Tina Evans','dept-057','Hardware Engineer',105000,'2025-07-15 11:30:00','2025-07-15 11:30:00'),('emp-059','k.garrett','kevin.garrett@example.com','Kevin Garrett','dept-058','Network Engineer',92000,'2025-08-01 09:00:00','2025-08-01 09:00:00'),('emp-060','j.harrison','jessica.harrison@example.com','Jessica Harrison','dept-059','Systems Administrator',80000,'2025-08-15 10:00:00','2025-08-15 10:00:00'),('emp-061','d.fisher','david.fisher@example.com','David Fisher','dept-060','Database Administrator',110000,'2025-09-01 11:00:00','2025-09-01 11:00:00'),('emp-062','m.gonzalez','maria.gonzalez@example.com','Maria Gonzalez','dept-061','Security Analyst',95000,'2025-09-15 12:00:00','2025-09-15 12:00:00'),('emp-063','s.murphy','susan.murphy@example.com','Susan Murphy','dept-062','Information Security Officer',125000,'2025-10-01 10:30:00','2025-10-01 10:30:00'),('emp-064','c.kim','charles.kim@example.com','Charles Kim','dept-063','Content Creator',70000,'2025-10-15 11:00:00','2025-10-15 11:00:00'),('emp-065','k.davis','katherine.davis@example.com','Katherine Davis','dept-064','Social Media Manager',82000,'2025-11-01 09:00:00','2025-11-01 09:00:00'),('emp-066','j.lopez','joseph.lopez@example.com','Joseph Lopez','dept-065','SEO Specialist',78000,'2025-11-15 10:00:00','2025-11-15 10:00:00'),('emp-067','p.gonzalez','patricia.gonzalez@example.com','Patricia Gonzalez','dept-066','PR Manager',105000,'2025-12-01 11:00:00','2025-12-01 11:00:00'),('emp-068','e.hernandez','edward.hernandez@example.com','Edward Hernandez','dept-067','Market Researcher',75000,'2025-12-15 12:00:00','2025-12-15 12:00:00'),('emp-069','r.miller','richard.miller@example.com','Richard Miller','dept-068','Customer Service Rep',58000,'2026-01-01 09:00:00','2026-01-01 09:00:00'),('emp-070','s.wilson','stephanie.wilson@example.com','Stephanie Wilson','dept-069','Technical Support Specialist',65000,'2026-01-15 10:00:00','2026-01-15 10:00:00'),('emp-071','d.taylor','daniel.taylor@example.com','Daniel Taylor','dept-070','Sales Operations Manager',90000,'2026-02-01 11:00:00','2026-02-01 11:00:00'),('emp-072','a.evans','amanda.evans@example.com','Amanda Evans','dept-071','Client Manager',88000,'2026-02-15 12:00:00','2026-02-15 12:00:00'),('emp-073','j.moore','jason.moore@example.com','Jason Moore','dept-072','Event Planner',70000,'2026-03-01 10:00:00','2026-03-01 10:00:00'),('emp-074','c.garcia','carlos.garcia@example.com','Carlos Garcia','dept-073','Warehouse Supervisor',60000,'2026-03-15 11:00:00','2026-03-15 11:00:00'),('emp-075','m.rodriguez','maria.rodriguez@example.com','Maria Rodriguez','dept-074','Logistics Specialist',72000,'2026-04-01 12:00:00','2026-04-01 12:00:00'),('emp-076','e.lopez','eric.lopez@example.com','Eric Lopez','dept-075','Import/Export Agent',80000,'2026-04-15 10:00:00','2026-04-15 10:00:00'),('emp-077','s.williams','sarah.williams@example.com','Sarah Williams','dept-076','Legal Counsel',130000,'2026-05-01 11:00:00','2026-05-01 11:00:00'),('emp-078','b.davis','brian.davis@example.com','Brian Davis','dept-077','Patent Attorney',150000,'2026-05-15 12:00:00','2026-05-15 12:00:00'),('emp-079','c.miller','christina.miller@example.com','Christina Miller','dept-078','M&A Lawyer',160000,'2026-06-01 10:00:00','2026-06-01 10:00:00'),('emp-080','j.wilson','john.wilson@example.com','John Wilson','dept-079','Trademark Specialist',125000,'2026-06-15 11:00:00','2026-06-15 11:00:00'),('emp-081','s.smith','susan.smith@example.com','Susan Smith','dept-080','Contract Manager',110000,'2026-07-01 12:00:00','2026-07-01 12:00:00'),('emp-082','d.jones','david.jones@example.com','David Jones','dept-081','Environmental Lawyer',140000,'2026-07-15 10:00:00','2026-07-15 10:00:00'),('emp-083','l.williams','lisa.williams@example.com','Lisa Williams','dept-082','Intellectual Property Lawyer',155000,'2026-08-01 11:00:00','2026-08-01 11:00:00'),('emp-084','p.brown','paul.brown@example.com','Paul Brown','dept-083','Internal Affairs Investigator',95000,'2026-08-15 12:00:00','2026-08-15 12:00:00'),('emp-085','j.garcia','joseph.garcia@example.com','Joseph Garcia','dept-084','Forensic Accountant',120000,'2026-09-01 10:00:00','2026-09-01 10:00:00'),('emp-086','m.miller','mary.miller@example.com','Mary Miller','dept-085','Fraud Investigator',115000,'2026-09-15 11:00:00','2026-09-15 11:00:00'),('emp-087','a.jones','alex.jones@example.com','Alex Jones','dept-086','Operational Auditor',100000,'2026-10-01 12:00:00','2026-10-01 12:00:00'),('emp-088','t.smith','thomas.smith@example.com','Thomas Smith','dept-087','Strategic Planner',135000,'2026-10-15 10:00:00','2026-10-15 10:00:00'),('emp-089','l.wilson2','lisa.wilson@example.com','Lisa Wilson','dept-088','Change Manager',120000,'2026-11-01 11:00:00','2026-11-01 11:00:00'),('emp-090','s.white','steven.white@example.com','Steven White','dept-089','Process Improvement Specialist',105000,'2026-11-15 12:00:00','2026-11-15 12:00:00'),('emp-091','d.moore','david.moore@example.com','David Moore','dept-090','CSR Manager',90000,'2026-12-01 10:00:00','2026-12-01 10:00:00'),('emp-092','a.clark2','amanda.clark@example.com','Amanda Clark','dept-091','Brand Manager',115000,'2026-12-15 11:00:00','2026-12-15 11:00:00'),('emp-093','j.hill','james.hill@example.com','James Hill','dept-092','Product Launch Specialist',100000,'2027-01-01 12:00:00','2027-01-01 12:00:00'),('emp-094','m.evans2','maria.evans@example.com','Maria Evans','dept-093','Market Analyst',75000,'2027-01-15 10:00:00','2027-01-15 10:00:00'),('emp-095','s.mitchell','steven.mitchell@example.com','Steven Mitchell','dept-094','Consumer Insights Analyst',85000,'2027-02-01 11:00:00','2027-02-01 11:00:00'),('emp-096','c.phillips','carla.phillips@example.com','Carla Phillips','dept-095','R&D Director',150000,'2027-02-15 12:00:00','2027-02-15 12:00:00'),('emp-097','r.campbell','robert.campbell@example.com','Robert Campbell','dept-096','Applied Scientist',130000,'2027-03-01 10:00:00','2027-03-01 10:00:00'),('emp-098','j.baker','jennifer.baker@example.com','Jennifer Baker','dept-097','New Tech Researcher',110000,'2027-03-15 11:00:00','2027-03-15 11:00:00'),('emp-099','a.carter','anthony.carter@example.com','Anthony Carter','dept-098','Prototyping Engineer',95000,'2027-04-01 12:00:00','2027-04-01 12:00:00'),('emp-100','l.gonzalez','laura.gonzalez@example.com','Laura Gonzalez','dept-099','Pilot Program Manager',110000,'2027-04-15 10:00:00','2027-04-15 10:00:00');
/*!40000 ALTER TABLE `employees` ENABLE KEYS */;
UNLOCK TABLES;

--
-- Table structure for table `lunch_logs`
--

DROP TABLE IF EXISTS `lunch_logs`;
/*!40101 SET @saved_cs_client     = @@character_set_client */;
/*!50503 SET character_set_client = utf8mb4 */;
CREATE TABLE `lunch_logs` (
  `id` int NOT NULL AUTO_INCREMENT,
  `employee_id` varchar(255) NOT NULL,
  `lunch_date` date NOT NULL,
  `meal_type` varchar(50) NOT NULL COMMENT 'e.g., Lunch, Dinner',
  `restaurant` varchar(255) DEFAULT NULL,
  `notes` text,
  PRIMARY KEY (`id`),
  KEY `fk_lunch_employee` (`employee_id`),
  CONSTRAINT `fk_lunch_employee` FOREIGN KEY (`employee_id`) REFERENCES `employees` (`id`) ON DELETE CASCADE
) ENGINE=InnoDB AUTO_INCREMENT=101 DEFAULT CHARSET=utf8mb4 COLLATE=utf8mb4_0900_ai_ci;
/*!40101 SET character_set_client = @saved_cs_client */;

--
-- Dumping data for table `lunch_logs`
--

LOCK TABLES `lunch_logs` WRITE;
/*!40000 ALTER TABLE `lunch_logs` DISABLE KEYS */;
INSERT INTO `lunch_logs` VALUES (1,'emp-001','2023-01-16','Lunch','The Burger Joint','Team lunch with sales department.'),(2,'emp-002','2023-02-21','Lunch','Pasta Paradise','Lunch with new marketing hires.'),(3,'emp-003','2023-03-11','Lunch','Taco Fiesta','Lunch with the dev team.'),(4,'emp-004','2023-04-06','Lunch','Healthy Bowl','Grabbed a quick salad.'),(5,'emp-005','2023-05-02','Lunch','BBQ Pit','Celebratory lunch for new project start.'),(6,'emp-006','2023-05-16','Lunch','Sushi Express','Quick sushi lunch.'),(7,'emp-007','2023-06-26','Lunch','Pizza Palace','Lunch with the research team.'),(8,'emp-008','2023-07-02','Lunch','Subway','Grab and go lunch.'),(9,'emp-009','2023-07-11','Lunch','Noodle House','Lunch with IT team.'),(10,'emp-010','2023-08-02','Lunch','Steakhouse','Lunch with legal team.'),(11,'emp-011','2023-08-21','Lunch','Coffee Shop','Quick sandwich lunch.'),(12,'emp-012','2023-09-02','Lunch','Deli','Lunch at the office.'),(13,'emp-013','2023-09-16','Lunch','Chinese Buffet','Lunch with PR team.'),(14,'emp-014','2023-10-02','Lunch','Mexican Grill','Lunch with logistics team.'),(15,'emp-015','2023-10-11','Lunch','Sushi Bar','Lunch with QA team.'),(16,'emp-016','2023-10-26','Lunch','Indian Cuisine','Lunch with training team.'),(17,'emp-017','2023-11-02','Lunch','Thai Restaurant','Lunch with strategy team.'),(18,'emp-018','2023-11-16','Lunch','Italian Cafe','Lunch with new business development team.'),(19,'emp-019','2023-12-02','Lunch','Sandwich Shop','Grabbed a quick sandwich.'),(20,'emp-020','2023-12-11','Lunch','Korean BBQ','Lunch with data analytics team.'),(21,'emp-021','2024-01-06','Lunch','Salad Bar','Healthy lunch.'),(22,'emp-022','2024-01-21','Lunch','Burgers and Fries','Lunch with maintenance crew.'),(23,'emp-023','2024-02-02','Lunch','Thai Express','Lunch with compliance officer.'),(24,'emp-024','2024-02-16','Lunch','Steakhouse','Lunch with recruitment specialist.'),(25,'emp-025','2024-03-02','Lunch','Italian Restaurant','Lunch with corporate affairs team.'),(26,'emp-026','2024-03-16','Lunch','Sandwich Shop','Quick lunch.'),(27,'emp-027','2024-04-02','Lunch','Indian Takeout','Lunch with safety officer.'),(28,'emp-028','2024-04-16','Lunch','Pizza Hut','Lunch with community relations manager.'),(29,'emp-029','2024-05-02','Lunch','Mexican Cafe','Lunch with procurement officer.'),(30,'emp-030','2024-05-16','Lunch','Salad Bar','Healthy lunch.'),(31,'emp-031','2024-06-02','Lunch','Burger King','Quick lunch.'),(32,'emp-032','2024-06-16','Lunch','Chinese Restaurant','Lunch with investment team.'),(33,'emp-033','2024-07-02','Lunch','Sushi Place','Lunch with M&A team.'),(34,'emp-034','2024-07-16','Lunch','Deli','Lunch with internal auditor.'),(35,'emp-035','2024-08-02','Lunch','Thai Express','Lunch with data scientist.'),(36,'emp-036','2024-08-16','Lunch','Pizza Place','Lunch with UX researcher.'),(37,'emp-037','2024-09-02','Lunch','Burger Joint','Lunch with cybersecurity analyst.'),(38,'emp-038','2024-09-16','Lunch','Noodle Shop','Lunch with cloud engineer.'),(39,'emp-039','2024-10-02','Lunch','Sushi Bar','Lunch with robotics engineer.'),(40,'emp-040','2024-10-16','Lunch','Cafe','Quick sandwich lunch.'),(41,'emp-041','2024-11-02','Lunch','Healthy Bowl','Healthy lunch.'),(42,'emp-042','2024-11-16','Lunch','Deli','Lunch with investor relations manager.'),(43,'emp-043','2024-12-02','Lunch','Pizza Palace','Lunch with talent manager.'),(44,'emp-044','2024-12-16','Lunch','Indian Cuisine','Lunch with employee relations specialist.'),(45,'emp-045','2025-01-02','Lunch','Thai Restaurant','Lunch with compensation analyst.'),(46,'emp-046','2025-01-16','Lunch','Italian Cafe','Lunch with performance manager.'),(47,'emp-047','2025-02-02','Lunch','Sandwich Shop','Quick lunch.'),(48,'emp-048','2025-02-16','Lunch','Korean BBQ','Lunch with payroll specialist.'),(49,'emp-049','2025-03-02','Lunch','Salad Bar','Healthy lunch.'),(50,'emp-050','2025-03-16','Lunch','Burgers and Fries','Lunch with treasury analyst.'),(51,'emp-051','2025-04-02','Lunch','Thai Express','Lunch with tax advisor.'),(52,'emp-052','2025-04-16','Lunch','Steakhouse','Lunch with financial planner.'),(53,'emp-053','2025-05-02','Lunch','Italian Restaurant','Lunch with corporate finance manager.'),(54,'emp-054','2025-05-16','Lunch','Sandwich Shop','Quick lunch.'),(55,'emp-055','2025-06-02','Lunch','Indian Takeout','Lunch with financial reporter.'),(56,'emp-056','2025-06-16','Lunch','Pizza Hut','Lunch with project coordinator.'),(57,'emp-057','2025-07-02','Lunch','Mexican Cafe','Lunch with software developer.'),(58,'emp-058','2025-07-16','Lunch','Salad Bar','Healthy lunch.'),(59,'emp-059','2025-08-02','Lunch','Burger King','Quick lunch.'),(60,'emp-060','2025-08-16','Lunch','Chinese Restaurant','Lunch with systems administrator.'),(61,'emp-061','2025-09-02','Lunch','Sushi Place','Lunch with database administrator.'),(62,'emp-062','2025-09-16','Lunch','Deli','Lunch with security analyst.'),(63,'emp-063','2025-10-02','Lunch','Thai Express','Lunch with information security officer.'),(64,'emp-064','2025-10-16','Lunch','Pizza Place','Lunch with content creator.'),(65,'emp-065','2025-11-02','Lunch','Burger Joint','Lunch with social media manager.'),(66,'emp-066','2025-11-16','Lunch','Noodle Shop','Lunch with SEO specialist.'),(67,'emp-067','2025-12-02','Lunch','Sushi Bar','Lunch with PR manager.'),(68,'emp-068','2025-12-16','Lunch','Cafe','Quick sandwich lunch.'),(69,'emp-069','2026-01-02','Lunch','Healthy Bowl','Healthy lunch.'),(70,'emp-070','2026-01-16','Lunch','Deli','Lunch with technical support specialist.'),(71,'emp-071','2026-02-02','Lunch','Pizza Palace','Lunch with sales operations manager.'),(72,'emp-072','2026-02-16','Lunch','Indian Cuisine','Lunch with client manager.'),(73,'emp-073','2026-03-02','Lunch','Thai Restaurant','Lunch with event planner.'),(74,'emp-074','2026-03-16','Lunch','Italian Cafe','Lunch with warehouse supervisor.'),(75,'emp-075','2026-04-02','Lunch','Sandwich Shop','Quick lunch.'),(76,'emp-076','2026-04-16','Lunch','Korean BBQ','Lunch with import/export agent.'),(77,'emp-077','2026-05-02','Lunch','Salad Bar','Healthy lunch.'),(78,'emp-078','2026-05-16','Lunch','Burgers and Fries','Lunch with patent attorney.'),(79,'emp-079','2026-06-02','Lunch','Thai Express','Lunch with M&A lawyer.'),(80,'emp-080','2026-06-16','Lunch','Steakhouse','Lunch with trademark specialist.'),(81,'emp-081','2026-07-02','Lunch','Italian Restaurant','Lunch with contract manager.'),(82,'emp-082','2026-07-16','Lunch','Sandwich Shop','Quick lunch.'),(83,'emp-083','2026-08-02','Lunch','Indian Takeout','Lunch with intellectual property lawyer.'),(84,'emp-084','2026-08-16','Lunch','Pizza Hut','Lunch with internal affairs investigator.'),(85,'emp-085','2026-09-02','Lunch','Mexican Cafe','Lunch with forensic accountant.'),(86,'emp-086','2026-09-16','Lunch','Salad Bar','Healthy lunch.'),(87,'emp-087','2026-10-02','Lunch','Burger King','Quick lunch.'),(88,'emp-088','2026-10-16','Lunch','Chinese Restaurant','Lunch with strategic planner.'),(89,'emp-089','2026-11-02','Lunch','Sushi Place','Lunch with change manager.'),(90,'emp-090','2026-11-16','Lunch','Deli','Lunch with process improvement specialist.'),(91,'emp-091','2026-12-02','Lunch','Thai Express','Lunch with CSR manager.'),(92,'emp-092','2026-12-16','Lunch','Pizza Place','Lunch with brand manager.'),(93,'emp-093','2027-01-02','Lunch','Burger Joint','Lunch with product launch specialist.'),(94,'emp-094','2027-01-16','Lunch','Noodle Shop','Lunch with market analyst.'),(95,'emp-095','2027-02-02','Lunch','Sushi Bar','Lunch with consumer insights analyst.'),(96,'emp-096','2027-02-16','Lunch','Cafe','Quick sandwich lunch.'),(97,'emp-097','2027-03-02','Lunch','Healthy Bowl','Healthy lunch.'),(98,'emp-098','2027-03-16','Lunch','Deli','Lunch with new tech researcher.'),(99,'emp-099','2027-04-02','Lunch','Pizza Palace','Lunch with prototyping engineer.'),(100,'emp-100','2027-04-16','Lunch','Indian Cuisine','Lunch with pilot program manager.');
/*!40000 ALTER TABLE `lunch_logs` ENABLE KEYS */;
UNLOCK TABLES;

--
-- Table structure for table `tasks`
--

DROP TABLE IF EXISTS `tasks`;
/*!40101 SET @saved_cs_client     = @@character_set_client */;
/*!50503 SET character_set_client = utf8mb4 */;
CREATE TABLE `tasks` (
  `id` int NOT NULL AUTO_INCREMENT,
  `employee_id` varchar(255) NOT NULL,
  `task_name` varchar(255) NOT NULL,
  `description` text,
  `due_date` date DEFAULT NULL,
  `status` varchar(50) NOT NULL COMMENT 'e.g., TO_DO, IN_PROGRESS, COMPLETED',
  `created_at` timestamp NOT NULL DEFAULT CURRENT_TIMESTAMP,
  `updated_at` timestamp NOT NULL DEFAULT CURRENT_TIMESTAMP ON UPDATE CURRENT_TIMESTAMP,
  PRIMARY KEY (`id`),
  KEY `fk_tasks_employee` (`employee_id`),
  CONSTRAINT `fk_tasks_employee` FOREIGN KEY (`employee_id`) REFERENCES `employees` (`id`) ON DELETE CASCADE
) ENGINE=InnoDB AUTO_INCREMENT=102 DEFAULT CHARSET=utf8mb4 COLLATE=utf8mb4_0900_ai_ci;
/*!40101 SET character_set_client = @saved_cs_client */;

--
-- Dumping data for table `tasks`
--

LOCK TABLES `tasks` WRITE;
/*!40000 ALTER TABLE `tasks` DISABLE KEYS */;
INSERT INTO `tasks` VALUES (1,'emp-001','Q1 Sales Report','Complete the Q1 sales performance analysis and report.','2023-03-31','COMPLETED','2025-09-16 12:20:26','2025-09-16 12:20:26'),(2,'emp-002','Marketing Campaign Launch','Launch the new product marketing campaign on social media platforms.','2023-04-15','IN_PROGRESS','2025-09-16 12:20:26','2025-09-16 12:20:26'),(3,'emp-003','Backend Service Refactoring','Refactor the user authentication service for better performance.','2023-05-01','TO_DO','2025-09-16 12:20:26','2025-09-16 12:20:26'),(4,'emp-004','Budget Review','Review and finalize the department budget for the next quarter.','2023-04-20','COMPLETED','2025-09-16 12:20:26','2025-09-16 12:20:26'),(5,'emp-005','Onboarding New Hires','Prepare and conduct the onboarding session for 5 new employees.','2023-05-10','COMPLETED','2025-09-16 12:20:26','2025-09-16 12:20:26'),(6,'emp-006','Data Model Optimization','Optimize the database schema for the new analytics feature.','2023-06-01','IN_PROGRESS','2025-09-16 12:20:26','2025-09-16 12:20:26'),(7,'emp-007','Research New AI Algorithm','Conduct research on the latest AI algorithms for natural language processing.','2023-08-30','IN_PROGRESS','2025-09-16 12:20:26','2025-09-16 12:20:26'),(8,'emp-008','Customer Support Training Manual','Create a new training manual for customer support agents.','2023-07-20','COMPLETED','2025-09-16 12:20:26','2025-09-16 12:20:26'),(9,'emp-009','Server Migration','Migrate the legacy server to a new cloud-based infrastructure.','2023-08-15','TO_DO','2025-09-16 12:20:26','2025-09-16 12:20:26'),(10,'emp-010','Contract Review','Review and approve the new vendor contracts.','2023-08-25','COMPLETED','2025-09-16 12:20:26','2025-09-16 12:20:26'),(11,'emp-011','Product Roadmap Planning','Plan the product roadmap for the next 6 months based on user feedback.','2023-09-30','IN_PROGRESS','2025-09-16 12:20:26','2025-09-16 12:20:26'),(12,'emp-012','Logistics Optimization','Analyze and optimize the supply chain logistics process.','2023-10-10','IN_PROGRESS','2025-09-16 12:20:26','2025-09-16 12:20:26'),(13,'emp-013','Press Release Draft','Draft a press release for the upcoming product launch event.','2023-10-05','COMPLETED','2025-09-16 12:20:26','2025-09-16 12:20:26'),(14,'emp-014','Inventory Audit','Perform a full audit of the warehouse inventory.','2023-10-25','IN_PROGRESS','2025-09-16 12:20:26','2025-09-16 12:20:26'),(15,'emp-015','Automated Test Suite','Develop and implement an automated test suite for the web application.','2023-11-15','TO_DO','2025-09-16 12:20:26','2025-09-16 12:20:26'),(16,'emp-016','Leadership Training Module','Develop a new training module for aspiring team leaders.','2023-11-20','COMPLETED','2025-09-16 12:20:26','2025-09-16 12:20:26'),(17,'emp-017','Market Entry Strategy','Develop a strategic plan for entering a new international market.','2023-12-01','IN_PROGRESS','2025-09-16 12:20:26','2025-09-16 12:20:26'),(18,'emp-018','Client Acquisition','Identify and contact potential new clients for business development.','2023-12-10','IN_PROGRESS','2025-09-16 12:20:26','2025-09-16 12:20:26'),(19,'emp-019','User Flow Analysis','Analyze user behavior and identify pain points in the current application flow.','2023-12-30','COMPLETED','2025-09-16 12:20:26','2025-09-16 12:20:26'),(20,'emp-020','Quarterly Data Analysis','Analyze quarterly sales and marketing data to find trends.','2024-01-10','COMPLETED','2025-09-16 12:20:26','2025-09-16 12:20:26'),(21,'emp-021','Field Visit Report','Write a detailed report on field operations in the Eastern region.','2024-01-25','IN_PROGRESS','2025-09-16 12:20:26','2025-09-16 12:20:26'),(22,'emp-022','Equipment Maintenance Schedule','Create a new maintenance schedule for all factory equipment.','2024-02-10','TO_DO','2025-09-16 12:20:26','2025-09-16 12:20:26'),(23,'emp-023','Compliance Audit','Conduct a full compliance audit for all new regulations.','2024-02-25','IN_PROGRESS','2025-09-16 12:20:26','2025-09-16 12:20:26'),(24,'emp-024','Recruitment Drive','Organize and execute a company-wide recruitment drive.','2024-03-15','COMPLETED','2025-09-16 12:20:26','2025-09-16 12:20:26'),(25,'emp-025','Stakeholder Communication Plan','Develop a communication plan for all key stakeholders.','2024-03-30','IN_PROGRESS','2025-09-16 12:20:26','2025-09-16 12:20:26'),(26,'emp-026','Internal Newsletter','Write and publish the monthly internal company newsletter.','2024-04-05','COMPLETED','2025-09-16 12:20:26','2025-09-16 12:20:26'),(27,'emp-027','Safety Protocol Review','Review and update the workplace health and safety protocols.','2024-04-20','IN_PROGRESS','2025-09-16 12:20:26','2025-09-16 12:20:26'),(28,'emp-028','Community Event Planning','Plan the annual company-sponsored community event.','2024-05-01','TO_DO','2025-09-16 12:20:26','2025-09-16 12:20:26'),(29,'emp-029','Vendor Vetting','Vet new potential vendors for the procurement department.','2024-05-20','COMPLETED','2025-09-16 12:20:26','2025-09-16 12:20:26'),(30,'emp-030','Supply Chain Risk Assessment','Assess potential risks in the global supply chain.','2024-06-15','IN_PROGRESS','2025-09-16 12:20:26','2025-09-16 12:20:26'),(31,'emp-031','Risk Mitigation Strategy','Develop a strategy to mitigate identified financial risks.','2024-06-30','COMPLETED','2025-09-16 12:20:26','2025-09-16 12:20:26'),(32,'emp-032','Portfolio Analysis','Analyze the current investment portfolio performance.','2024-07-15','COMPLETED','2025-09-16 12:20:26','2025-09-16 12:20:26'),(33,'emp-033','Merger Integration Plan','Create a detailed plan for the integration of a newly acquired company.','2024-08-01','IN_PROGRESS','2025-09-16 12:20:26','2025-09-16 12:20:26'),(34,'emp-034','Quarterly Internal Audit','Conduct the quarterly internal audit of company finances.','2024-08-10','TO_DO','2025-09-16 12:20:26','2025-09-16 12:20:26'),(35,'emp-035','Customer Segmentation Model','Build a new customer segmentation model using machine learning.','2024-09-01','IN_PROGRESS','2025-09-16 12:20:26','2025-09-16 12:20:26'),(36,'emp-036','User Journey Map','Create a detailed user journey map for the mobile application.','2024-09-15','COMPLETED','2025-09-16 12:20:26','2025-09-16 12:20:26'),(37,'emp-037','Security Vulnerability Scan','Perform a security vulnerability scan on all internal systems.','2024-10-01','IN_PROGRESS','2025-09-16 12:20:26','2025-09-16 12:20:26'),(38,'emp-038','Cloud Cost Optimization','Analyze and optimize cloud infrastructure costs.','2024-10-10','COMPLETED','2025-09-16 12:20:26','2025-09-16 12:20:26'),(39,'emp-039','Robot Arm Calibration','Calibrate the new robotic arm for the manufacturing line.','2024-11-01','TO_DO','2025-09-16 12:20:26','2025-09-16 12:20:26'),(40,'emp-040','Process Automation','Automate the daily data backup process.','2024-11-15','IN_PROGRESS','2025-09-16 12:20:26','2025-09-16 12:20:26'),(41,'emp-041','Sustainability Report','Write the annual corporate sustainability report.','2024-12-01','COMPLETED','2025-09-16 12:20:26','2025-09-16 12:20:26'),(42,'emp-042','Investor Deck Preparation','Prepare the presentation deck for the next investor meeting.','2024-12-15','IN_PROGRESS','2025-09-16 12:20:26','2025-09-16 12:20:26'),(43,'emp-043','Employee Satisfaction Survey','Conduct and analyze the annual employee satisfaction survey.','2025-01-01','COMPLETED','2025-09-16 12:20:26','2025-09-16 12:20:26'),(44,'emp-044','Grievance Handling Protocol','Develop a new protocol for handling employee grievances.','2025-01-15','TO_DO','2025-09-16 12:20:26','2025-09-16 12:20:26'),(45,'emp-045','Compensation Benchmarking','Benchmark current employee compensation against industry standards.','2025-02-01','IN_PROGRESS','2025-09-16 12:20:26','2025-09-16 12:20:26'),(46,'emp-046','Performance Review System','Implement a new performance review system.','2025-02-15','COMPLETED','2025-09-16 12:20:26','2025-09-16 12:20:26'),(47,'emp-047','Organizational Restructuring Plan','Develop a plan for a small-scale organizational restructuring.','2025-03-01','IN_PROGRESS','2025-09-16 12:20:26','2025-09-16 12:20:26'),(48,'emp-048','Payroll System Upgrade','Upgrade the company payroll system.','2025-03-15','TO_DO','2025-09-16 12:20:26','2025-09-16 12:20:26'),(49,'emp-049','Quarterly Financial Statements','Prepare the quarterly financial statements for the accounting department.','2025-04-01','COMPLETED','2025-09-16 12:20:26','2025-09-16 12:20:26'),(50,'emp-050','Cash Flow Forecast','Create a cash flow forecast for the next 3 quarters.','2025-04-15','IN_PROGRESS','2025-09-16 12:20:26','2025-09-16 12:20:26'),(51,'emp-051','Tax Compliance Report','Prepare the annual tax compliance report.','2025-05-01','TO_DO','2025-09-16 12:20:26','2025-09-16 12:20:26'),(52,'emp-052','Budget Allocation Plan','Develop the budget allocation plan for new projects.','2025-05-15','IN_PROGRESS','2025-09-16 12:20:26','2025-09-16 12:20:26'),(53,'emp-053','Financial Risk Assessment','Assess financial risks for a new corporate investment.','2025-06-01','COMPLETED','2025-09-16 12:20:26','2025-09-16 12:20:26'),(54,'emp-054','Credit Report Analysis','Analyze credit reports for new business clients.','2025-06-15','IN_PROGRESS','2025-09-16 12:20:26','2025-09-16 12:20:26'),(55,'emp-055','Annual Financial Report','Prepare the annual financial report for shareholders.','2025-07-01','COMPLETED','2025-09-16 12:20:26','2025-09-16 12:20:26'),(56,'emp-056','New Project Proposal','Write a proposal for a new project to improve efficiency.','2025-07-15','TO_DO','2025-09-16 12:20:26','2025-09-16 12:20:26'),(57,'emp-057','Frontend Bug Fixes','Fix critical bugs in the application frontend.','2025-08-01','IN_PROGRESS','2025-09-16 12:20:26','2025-09-16 12:20:26'),(58,'emp-058','New Server Installation','Install and configure a new physical server.','2025-08-15','COMPLETED','2025-09-16 12:20:26','2025-09-16 12:20:26'),(59,'emp-059','Network Security Review','Review the company network security protocols.','2025-09-01','IN_PROGRESS','2025-09-16 12:20:26','2025-09-16 12:20:26'),(60,'emp-060','System Backup','Perform a full system backup and recovery test.','2025-09-15','COMPLETED','2025-09-16 12:20:26','2025-09-16 12:20:26'),(61,'emp-061','Database Performance Tuning','Tune the main database for better query performance.','2025-10-01','IN_PROGRESS','2025-09-16 12:20:26','2025-09-16 12:20:26'),(62,'emp-062','Security Incident Response Plan','Develop a new incident response plan for security breaches.','2025-10-15','TO_DO','2025-09-16 12:20:26','2025-09-16 12:20:26'),(63,'emp-063','Security Policy Update','Update the company information security policy.','2025-11-01','COMPLETED','2025-09-16 12:20:26','2025-09-16 12:20:26'),(64,'emp-064','Blog Content Plan','Create a content plan for the company blog for the next quarter.','2025-11-15','IN_PROGRESS','2025-09-16 12:20:26','2025-09-16 12:20:26'),(65,'emp-065','Social Media Analytics','Analyze social media engagement and traffic data.','2025-12-01','COMPLETED','2025-09-16 12:20:26','2025-09-16 12:20:26'),(66,'emp-066','SEO Keyword Research','Perform keyword research for new product pages.','2025-12-15','IN_PROGRESS','2025-09-16 12:20:26','2025-09-16 12:20:26'),(67,'emp-067','Media Relations Strategy','Develop a new media relations strategy for the upcoming year.','2026-01-01','TO_DO','2025-09-16 12:20:26','2025-09-16 12:20:26'),(68,'emp-068','Competitor Market Research','Conduct market research on key competitors.','2026-01-15','COMPLETED','2025-09-16 12:20:26','2025-09-16 12:20:26'),(69,'emp-069','Customer Feedback Report','Compile a report on customer feedback from the last quarter.','2026-02-01','IN_PROGRESS','2025-09-16 12:20:26','2025-09-16 12:20:26'),(70,'emp-070','Troubleshooting Guide','Create a technical troubleshooting guide for common issues.','2026-02-15','COMPLETED','2025-09-16 12:20:26','2025-09-16 12:20:26'),(71,'emp-071','Sales Pipeline Analysis','Analyze the current sales pipeline and forecast future revenue.','2026-03-01','TO_DO','2025-09-16 12:20:26','2025-09-16 12:20:26'),(72,'emp-072','Key Account Management','Develop a strategy for managing key client accounts.','2026-03-15','IN_PROGRESS','2025-09-16 12:20:26','2025-09-16 12:20:26'),(73,'emp-073','Client Appreciation Event','Organize a client appreciation event.','2026-04-01','COMPLETED','2025-09-16 12:20:26','2025-09-16 12:20:26'),(74,'emp-074','Warehouse Layout Optimization','Optimize the warehouse layout for improved efficiency.','2026-04-15','IN_PROGRESS','2025-09-16 12:20:26','2025-09-16 12:20:26'),(75,'emp-075','Shipping Route Analysis','Analyze shipping routes to reduce transportation costs.','2026-05-01','TO_DO','2025-09-16 12:20:26','2025-09-16 12:20:26'),(76,'emp-076','Customs Regulations Review','Review new customs regulations for international shipments.','2026-05-15','COMPLETED','2025-09-16 12:20:26','2025-09-16 12:20:26'),(77,'emp-077','Legal Case Preparation','Prepare legal documents for an ongoing lawsuit.','2026-06-01','IN_PROGRESS','2025-09-16 12:20:26','2025-09-16 12:20:26'),(78,'emp-078','New Patent Application','File a patent application for new company technology.','2026-06-15','COMPLETED','2025-09-16 12:20:26','2025-09-16 12:20:26'),(79,'emp-079','Merger Agreement Draft','Draft the legal agreement for an upcoming company merger.','2026-07-01','IN_PROGRESS','2025-09-16 12:20:26','2025-09-16 12:20:26'),(80,'emp-080','Trademark Registration','Register a new company trademark.','2026-07-15','TO_DO','2025-09-16 12:20:26','2025-09-16 12:20:26'),(81,'emp-081','Contract Renewal Review','Review and prepare for key contract renewals.','2026-08-01','COMPLETED','2025-09-16 12:20:26','2025-09-16 12:20:26'),(82,'emp-082','Environmental Impact Assessment','Assess the environmental impact of a new manufacturing process.','2026-08-15','IN_PROGRESS','2025-09-16 12:20:26','2025-09-16 12:20:26'),(83,'emp-083','IP Portfolio Management','Manage and update the company\'s intellectual property portfolio.','2026-09-01','COMPLETED','2025-09-16 12:20:26','2025-09-16 12:20:26'),(84,'emp-084','Internal Investigation Report','Write a report on a recent internal investigation.','2026-09-15','TO_DO','2025-09-16 12:20:26','2025-09-16 12:20:26'),(85,'emp-085','Financial Fraud Audit','Conduct an audit to investigate potential financial fraud.','2026-10-01','IN_PROGRESS','2025-09-16 12:20:26','2025-09-16 12:20:26'),(86,'emp-086','Fraud Prevention Policy','Develop a new policy for fraud prevention.','2026-10-15','COMPLETED','2025-09-16 12:20:26','2025-09-16 12:20:26'),(87,'emp-087','Operational Audit Report','Write a report on the latest operational audit findings.','2026-11-01','IN_PROGRESS','2025-09-16 12:20:26','2025-09-16 12:20:26'),(88,'emp-088','Corporate Strategy Review','Review the company\'s overall corporate strategy for the next year.','2026-11-15','COMPLETED','2025-09-16 12:20:26','2025-09-16 12:20:26'),(89,'emp-089','Change Management Plan','Develop a change management plan for a new system implementation.','2026-12-01','TO_DO','2025-09-16 12:20:26','2025-09-16 12:20:26'),(90,'emp-090','Process Flowchart','Create a flowchart for the new employee onboarding process.','2026-12-15','IN_PROGRESS','2025-09-16 12:20:26','2025-09-16 12:20:26'),(91,'emp-001','CSR Program Report','Write a report on the impact of the company\'s CSR programs.','2027-01-01','IN_PROGRESS','2025-09-16 12:20:26','2025-09-16 15:19:26'),(92,'emp-092','Brand Guideline Update','Update the company\'s brand guidelines.','2027-01-15','IN_PROGRESS','2025-09-16 12:20:26','2025-09-16 12:20:26'),(93,'emp-093','New Product Launch Plan','Create a comprehensive plan for a new product launch.','2027-02-01','TO_DO','2025-09-16 12:20:26','2025-09-16 12:20:26'),(94,'emp-094','Market Trend Analysis','Analyze recent market trends in the technology sector.','2027-02-15','COMPLETED','2025-09-16 12:20:26','2025-09-16 12:20:26'),(95,'emp-095','Customer Insight Report','Write a report on key customer insights from surveys.','2027-03-01','IN_PROGRESS','2025-09-16 12:20:26','2025-09-16 12:20:26'),(96,'emp-096','R&D Budget Proposal','Prepare the budget proposal for the R&D department.','2027-03-15','COMPLETED','2025-09-16 12:20:26','2025-09-16 12:20:26'),(97,'emp-097','New Scientific Research Paper','Write a research paper on recent scientific findings.','2027-04-01','IN_PROGRESS','2025-09-16 12:20:26','2025-09-16 12:20:26'),(98,'emp-098','Prototype Development','Develop a working prototype for a new device.','2027-04-15','TO_DO','2025-09-16 12:20:26','2025-09-16 12:20:26'),(99,'emp-099','Pilot Program Report','Write a report on the results of the recent pilot program.','2027-05-01','COMPLETED','2025-09-16 12:20:26','2025-09-16 12:20:26'),(100,'emp-100','New Business Model Analysis','Analyze potential new business models for the company.','2027-05-15','IN_PROGRESS','2025-09-16 12:20:26','2025-09-16 12:20:26'),(101,'emp-001','first task','my first task',NULL,'TO_DO','2025-09-16 13:31:43','2025-09-16 13:31:43');
/*!40000 ALTER TABLE `tasks` ENABLE KEYS */;
UNLOCK TABLES;

--
-- Dumping routines for database 'company'
--
/*!40103 SET TIME_ZONE=@OLD_TIME_ZONE */;

/*!40101 SET SQL_MODE=@OLD_SQL_MODE */;
/*!40014 SET FOREIGN_KEY_CHECKS=@OLD_FOREIGN_KEY_CHECKS */;
/*!40014 SET UNIQUE_CHECKS=@OLD_UNIQUE_CHECKS */;
/*!40101 SET CHARACTER_SET_CLIENT=@OLD_CHARACTER_SET_CLIENT */;
/*!40101 SET CHARACTER_SET_RESULTS=@OLD_CHARACTER_SET_RESULTS */;
/*!40101 SET COLLATION_CONNECTION=@OLD_COLLATION_CONNECTION */;
/*!40111 SET SQL_NOTES=@OLD_SQL_NOTES */;

-- Dump completed on 2025-09-16 22:26:35
