
INSERT INTO departments (id, name) VALUES
('dept-001', 'Sales'),
('dept-002', 'Marketing'),
('dept-003', 'Human Resources'),
('dept-004', 'Finance'),
('dept-005', 'Engineering'),
('dept-006', 'Research and Development'),
('dept-007', 'Customer Support'),
('dept-008', 'IT Services'),
('dept-009', 'Legal'),
('dept-010', 'Product Management'),
('dept-011', 'Operations'),
('dept-012', 'Public Relations'),
('dept-013', 'Logistics'),
('dept-014', 'Quality Assurance'),
('dept-015', 'Training and Development'),
('dept-016', 'Strategy'),
('dept-017', 'Business Development'),
('dept-018', 'Design'),
('dept-019', 'Analytics'),
('dept-020', 'Field Operations'),
('dept-021', 'Maintenance'),
('dept-022', 'Compliance'),
('dept-023', 'Recruitment'),
('dept-024', 'Corporate Affairs'),
('dept-025', 'Communications'),
('dept-026', 'Health and Safety'),
('dept-027', 'Community Relations'),
('dept-028', 'Procurement'),
('dept-029', 'Supply Chain'),
('dept-030', 'Risk Management'),
('dept-031', 'Investment'),
('dept-032', 'Mergers and Acquisitions'),
('dept-033', 'Internal Audit'),
('dept-034', 'Data Science'),
('dept-035', 'User Experience'),
('dept-036', 'Cybersecurity'),
('dept-037', 'Cloud Computing'),
('dept-038', 'Robotics'),
('dept-039', 'Automation'),
('dept-040', 'Sustainability'),
('dept-041', 'Investor Relations'),
('dept-042', 'Talent Management'),
('dept-043', 'Employee Relations'),
('dept-044', 'Compensation and Benefits'),
('dept-045', 'Performance Management'),
('dept-046', 'Organizational Development'),
('dept-047', 'Payroll'),
('dept-048', 'Accounting'),
('dept-049', 'Treasury'),
('dept-050', 'Taxation'),
('dept-051', 'Financial Planning'),
('dept-052', 'Corporate Finance'),
('dept-053', 'Credit Analysis'),
('dept-054', 'Financial Reporting'),
('dept-055', 'Project Management'),
('dept-056', 'Software Development'),
('dept-057', 'Hardware Engineering'),
('dept-058', 'Network Operations'),
('dept-059', 'System Administration'),
('dept-060', 'Database Administration'),
('dept-061', 'Security Operations'),
('dept-062', 'Information Security'),
('dept-063', 'Content Creation'),
('dept-064', 'Social Media Marketing'),
('dept-065', 'Search Engine Optimization'),
('dept-066', 'Public Relations'),
('dept-067', 'Market Research'),
('dept-068', 'Customer Service'),
('dept-069', 'Technical Support'),
('dept-070', 'Sales Operations'),
('dept-071', 'Client Management'),
('dept-072', 'Event Planning'),
('dept-073', 'Warehouse Management'),
('dept-074', 'Transportation'),
('dept-075', 'Import/Export'),
('dept-076', 'Legal Counsel'),
('dept-077', 'Patent Law'),
('dept-078', 'Mergers and Acquisitions'),
('dept-079', 'Trademark Law'),
('dept-080', 'Contract Management'),
('dept-081', 'Environmental Law'),
('dept-082', 'Intellectual Property'),
('dept-083', 'Internal Affairs'),
('dept-084', 'Forensic Accounting'),
('dept-085', 'Fraud Investigation'),
('dept-086', 'Operational Auditing'),
('dept-087', 'Strategic Planning'),
('dept-088', 'Change Management'),
('dept-089', 'Process Improvement'),
('dept-090', 'Corporate Social Responsibility'),
('dept-091', 'Brand Management'),
('dept-092', 'Product Launch'),
('dept-093', 'Market Analysis'),
('dept-094', 'Consumer Insights'),
('dept-095', 'Research & Development'),
('dept-096', 'Applied Sciences'),
('dept-097', 'New Technologies'),
('dept-098', 'Prototyping'),
('dept-099', 'Pilot Programs'),
('dept-100', 'Incubation');

INSERT INTO employees (id, username, email, fullname, department, position, salary, created_at, updated_at) VALUES
('emp-001', 'j.doe', 'john.doe@example.com', 'John Doe', 'dept-001', 'Sales Manager', 80000, '2023-01-15 09:00:00', '2023-01-15 09:00:00'),
('emp-002', 'a.smith', 'jane.smith@example.com', 'Jane Smith', 'dept-002', 'Marketing Specialist', 65000, '2023-02-20 10:30:00', '2023-02-20 10:30:00'),
('emp-003', 'm.garcia', 'mike.garcia@example.com', 'Mike Garcia', 'dept-005', 'Software Engineer', 95000, '2023-03-10 11:45:00', '2023-03-10 11:45:00'),
('emp-004', 'e.jones', 'emily.jones@example.com', 'Emily Jones', 'dept-004', 'Financial Analyst', 70000, '2023-04-05 14:00:00', '2023-04-05 14:00:00'),
('emp-005', 'b.williams', 'bryan.williams@example.com', 'Bryan Williams', 'dept-003', 'HR Generalist', 60000, '2023-05-01 09:30:00', '2023-05-01 09:30:00'),
('emp-006', 's.brown', 'sara.brown@example.com', 'Sara Brown', 'dept-005', 'Data Scientist', 110000, '2023-05-15 13:00:00', '2023-05-15 13:00:00'),
('emp-007', 'j.miller', 'jack.miller@example.com', 'Jack Miller', 'dept-006', 'Research Scientist', 120000, '2023-06-25 15:00:00', '2023-06-25 15:00:00'),
('emp-008', 'l.wilson', 'linda.wilson@example.com', 'Linda Wilson', 'dept-007', 'Customer Support Agent', 55000, '2023-07-01 08:45:00', '2023-07-01 08:45:00'),
('emp-009', 'c.moore', 'chris.moore@example.com', 'Chris Moore', 'dept-008', 'Network Administrator', 85000, '2023-07-10 10:15:00', '2023-07-10 10:15:00'),
('emp-010', 'n.taylor', 'nancy.taylor@example.com', 'Nancy Taylor', 'dept-009', 'Legal Counsel', 130000, '2023-08-01 11:00:00', '2023-08-01 11:00:00'),
('emp-011', 'd.anderson', 'david.anderson@example.com', 'David Anderson', 'dept-010', 'Product Manager', 105000, '2023-08-20 14:30:00', '2023-08-20 14:30:00'),
('emp-012', 'p.thomas', 'patricia.thomas@example.com', 'Patricia Thomas', 'dept-011', 'Operations Manager', 90000, '2023-09-01 09:00:00', '2023-09-01 09:00:00'),
('emp-013', 'r.jackson', 'robert.jackson@example.com', 'Robert Jackson', 'dept-012', 'PR Coordinator', 68000, '2023-09-15 10:45:00', '2023-09-15 10:45:00'),
('emp-014', 'm.white', 'mary.white@example.com', 'Mary White', 'dept-013', 'Logistics Coordinator', 58000, '2023-10-01 11:30:00', '2023-10-01 11:30:00'),
('emp-015', 'j.harris', 'james.harris@example.com', 'James Harris', 'dept-014', 'QA Engineer', 75000, '2023-10-10 15:00:00', '2023-10-10 15:00:00'),
('emp-016', 'a.clark', 'anna.clark@example.com', 'Anna Clark', 'dept-015', 'Training Specialist', 62000, '2023-10-25 09:00:00', '2023-10-25 09:00:00'),
('emp-017', 'l.lewis', 'lisa.lewis@example.com', 'Lisa Lewis', 'dept-016', 'Strategic Planner', 115000, '2023-11-01 10:00:00', '2023-11-01 10:00:00'),
('emp-018', 'p.walker', 'paul.walker@example.com', 'Paul Walker', 'dept-017', 'Business Development Manager', 100000, '2023-11-15 13:00:00', '2023-11-15 13:00:00'),
('emp-019', 'e.hall', 'elizabeth.hall@example.com', 'Elizabeth Hall', 'dept-018', 'UX/UI Designer', 88000, '2023-12-01 14:30:00', '2023-12-01 14:30:00'),
('emp-020', 'j.allen', 'joseph.allen@example.com', 'Joseph Allen', 'dept-019', 'Data Analyst', 72000, '2023-12-10 16:00:00', '2023-12-10 16:00:00'),
('emp-021', 'k.king', 'karen.king@example.com', 'Karen King', 'dept-020', 'Field Manager', 92000, '2024-01-05 09:00:00', '2024-01-05 09:00:00'),
('emp-022', 'g.wright', 'george.wright@example.com', 'George Wright', 'dept-021', 'Maintenance Technician', 50000, '2024-01-20 11:00:00', '2024-01-20 11:00:00'),
('emp-023', 's.lopez', 'susan.lopez@example.com', 'Susan Lopez', 'dept-022', 'Compliance Officer', 85000, '2024-02-01 10:30:00', '2024-02-01 10:30:00'),
('emp-024', 'd.scott', 'daniel.scott@example.com', 'Daniel Scott', 'dept-023', 'Recruitment Specialist', 70000, '2024-02-15 13:00:00', '2024-02-15 13:00:00'),
('emp-025', 'j.green', 'jennifer.green@example.com', 'Jennifer Green', 'dept-024', 'Corporate Affairs Director', 140000, '2024-03-01 14:00:00', '2024-03-01 14:00:00'),
('emp-026', 'm.adams', 'matthew.adams@example.com', 'Matthew Adams', 'dept-025', 'Communications Manager', 95000, '2024-03-15 10:00:00', '2024-03-15 10:00:00'),
('emp-027', 'l.baker', 'laura.baker@example.com', 'Laura Baker', 'dept-026', 'Safety Officer', 68000, '2024-04-01 09:30:00', '2024-04-01 09:30:00'),
('emp-028', 't.carter', 'thomas.carter@example.com', 'Thomas Carter', 'dept-027', 'Community Relations Manager', 82000, '2024-04-15 11:00:00', '2024-04-15 11:00:00'),
('emp-029', 'a.mitchell', 'amanda.mitchell@example.com', 'Amanda Mitchell', 'dept-028', 'Procurement Officer', 75000, '2024-05-01 13:00:00', '2024-05-01 13:00:00'),
('emp-030', 'd.phillips', 'david.phillips@example.com', 'David Phillips', 'dept-029', 'Supply Chain Analyst', 70000, '2024-05-15 14:30:00', '2024-05-15 14:30:00'),
('emp-031', 'm.evans', 'mary.evans@example.com', 'Mary Evans', 'dept-030', 'Risk Manager', 110000, '2024-06-01 10:00:00', '2024-06-01 10:00:00'),
('emp-032', 'j.collins', 'john.collins@example.com', 'John Collins', 'dept-031', 'Investment Analyst', 120000, '2024-06-15 11:30:00', '2024-06-15 11:30:00'),
('emp-033', 's.stewart', 'susan.stewart@example.com', 'Susan Stewart', 'dept-032', 'M&A Specialist', 135000, '2024-07-01 09:00:00', '2024-07-01 09:00:00'),
('emp-034', 'b.morris', 'bill.morris@example.com', 'Bill Morris', 'dept-033', 'Internal Auditor', 90000, '2024-07-15 10:45:00', '2024-07-15 10:45:00'),
('emp-035', 'r.rogers', 'ryan.rogers@example.com', 'Ryan Rogers', 'dept-034', 'Data Scientist', 115000, '2024-08-01 13:00:00', '2024-08-01 13:00:00'),
('emp-036', 'p.patterson', 'peter.patterson@example.com', 'Peter Patterson', 'dept-035', 'UX Researcher', 85000, '2024-08-15 14:00:00', '2024-08-15 14:00:00'),
('emp-037', 'k.bell', 'kimberly.bell@example.com', 'Kimberly Bell', 'dept-036', 'Cybersecurity Analyst', 105000, '2024-09-01 09:30:00', '2024-09-01 09:30:00'),
('emp-038', 'a.morgan', 'alex.morgan@example.com', 'Alex Morgan', 'dept-037', 'Cloud Engineer', 100000, '2024-09-15 11:00:00', '2024-09-15 11:00:00'),
('emp-039', 's.jones', 'sam.jones@example.com', 'Sam Jones', 'dept-038', 'Robotics Engineer', 125000, '2024-10-01 10:00:00', '2024-10-01 10:00:00'),
('emp-040', 'c.bailey', 'carl.bailey@example.com', 'Carl Bailey', 'dept-039', 'Automation Specialist', 98000, '2024-10-15 14:00:00', '2024-10-15 14:00:00'),
('emp-041', 'l.gonzales', 'linda.gonzales@example.com', 'Linda Gonzales', 'dept-040', 'Sustainability Officer', 85000, '2024-11-01 11:00:00', '2024-11-01 11:00:00'),
('emp-042', 'm.watson', 'mark.watson@example.com', 'Mark Watson', 'dept-041', 'Investor Relations Manager', 130000, '2024-11-15 12:00:00', '2024-11-15 12:00:00'),
('emp-043', 'd.rogers', 'diane.rogers@example.com', 'Diane Rogers', 'dept-042', 'Talent Manager', 90000, '2024-12-01 09:00:00', '2024-12-01 09:00:00'),
('emp-044', 'e.cox', 'eric.cox@example.com', 'Eric Cox', 'dept-043', 'Employee Relations Specialist', 78000, '2024-12-15 10:00:00', '2024-12-15 10:00:00'),
('emp-045', 'j.price', 'jessica.price@example.com', 'Jessica Price', 'dept-044', 'Compensation Analyst', 85000, '2025-01-01 11:30:00', '2025-01-01 11:30:00'),
('emp-046', 'k.long', 'kevin.long@example.com', 'Kevin Long', 'dept-045', 'Performance Manager', 100000, '2025-01-15 14:00:00', '2025-01-15 14:00:00'),
('emp-047', 'c.reed', 'cynthia.reed@example.com', 'Cynthia Reed', 'dept-046', 'Organizational Developer', 110000, '2025-02-01 09:00:00', '2025-02-01 09:00:00'),
('emp-048', 'b.kelly', 'brian.kelly@example.com', 'Brian Kelly', 'dept-047', 'Payroll Specialist', 65000, '2025-02-15 10:30:00', '2025-02-15 10:30:00'),
('emp-049', 't.sanders', 'timothy.sanders@example.com', 'Timothy Sanders', 'dept-048', 'Accountant', 75000, '2025-03-01 11:00:00', '2025-03-01 11:00:00'),
('emp-050', 's.russell', 'sharon.russell@example.com', 'Sharon Russell', 'dept-049', 'Treasury Analyst', 95000, '2025-03-15 12:00:00', '2025-03-15 12:00:00'),
('emp-051', 'c.henderson', 'christopher.henderson@example.com', 'Christopher Henderson', 'dept-050', 'Tax Advisor', 120000, '2025-04-01 10:00:00', '2025-04-01 10:00:00'),
('emp-052', 'a.cole', 'amanda.cole@example.com', 'Amanda Cole', 'dept-051', 'Financial Planner', 105000, '2025-04-15 13:00:00', '2025-04-15 13:00:00'),
('emp-053', 'j.hughes', 'jason.hughes@example.com', 'Jason Hughes', 'dept-052', 'Corporate Finance Manager', 130000, '2025-05-01 09:00:00', '2025-05-01 09:00:00'),
('emp-054', 'l.peters', 'linda.peters@example.com', 'Linda Peters', 'dept-053', 'Credit Analyst', 70000, '2025-05-15 10:30:00', '2025-05-15 10:30:00'),
('emp-055', 'p.richardson', 'patrick.richardson@example.com', 'Patrick Richardson', 'dept-054', 'Financial Reporter', 88000, '2025-06-01 11:00:00', '2025-06-01 11:00:00'),
('emp-056', 'm.jones', 'maria.jones@example.com', 'Maria Jones', 'dept-055', 'Project Coordinator', 90000, '2025-06-15 12:00:00', '2025-06-15 12:00:00'),
('emp-057', 's.watson', 'steven.watson@example.com', 'Steven Watson', 'dept-056', 'Software Developer', 98000, '2025-07-01 10:00:00', '2025-07-01 10:00:00'),
('emp-058', 't.evans', 'tina.evans@example.com', 'Tina Evans', 'dept-057', 'Hardware Engineer', 105000, '2025-07-15 11:30:00', '2025-07-15 11:30:00'),
('emp-059', 'k.garrett', 'kevin.garrett@example.com', 'Kevin Garrett', 'dept-058', 'Network Engineer', 92000, '2025-08-01 09:00:00', '2025-08-01 09:00:00'),
('emp-060', 'j.harrison', 'jessica.harrison@example.com', 'Jessica Harrison', 'dept-059', 'Systems Administrator', 80000, '2025-08-15 10:00:00', '2025-08-15 10:00:00'),
('emp-061', 'd.fisher', 'david.fisher@example.com', 'David Fisher', 'dept-060', 'Database Administrator', 110000, '2025-09-01 11:00:00', '2025-09-01 11:00:00'),
('emp-062', 'm.gonzalez', 'maria.gonzalez@example.com', 'Maria Gonzalez', 'dept-061', 'Security Analyst', 95000, '2025-09-15 12:00:00', '2025-09-15 12:00:00'),
('emp-063', 's.murphy', 'susan.murphy@example.com', 'Susan Murphy', 'dept-062', 'Information Security Officer', 125000, '2025-10-01 10:30:00', '2025-10-01 10:30:00'),
('emp-064', 'c.kim', 'charles.kim@example.com', 'Charles Kim', 'dept-063', 'Content Creator', 70000, '2025-10-15 11:00:00', '2025-10-15 11:00:00'),
('emp-065', 'k.davis', 'katherine.davis@example.com', 'Katherine Davis', 'dept-064', 'Social Media Manager', 82000, '2025-11-01 09:00:00', '2025-11-01 09:00:00'),
('emp-066', 'j.lopez', 'joseph.lopez@example.com', 'Joseph Lopez', 'dept-065', 'SEO Specialist', 78000, '2025-11-15 10:00:00', '2025-11-15 10:00:00'),
('emp-067', 'p.gonzalez', 'patricia.gonzalez@example.com', 'Patricia Gonzalez', 'dept-066', 'PR Manager', 105000, '2025-12-01 11:00:00', '2025-12-01 11:00:00'),
('emp-068', 'e.hernandez', 'edward.hernandez@example.com', 'Edward Hernandez', 'dept-067', 'Market Researcher', 75000, '2025-12-15 12:00:00', '2025-12-15 12:00:00'),
('emp-069', 'r.miller', 'richard.miller@example.com', 'Richard Miller', 'dept-068', 'Customer Service Rep', 58000, '2026-01-01 09:00:00', '2026-01-01 09:00:00'),
('emp-070', 's.wilson', 'stephanie.wilson@example.com', 'Stephanie Wilson', 'dept-069', 'Technical Support Specialist', 65000, '2026-01-15 10:00:00', '2026-01-15 10:00:00'),
('emp-071', 'd.taylor', 'daniel.taylor@example.com', 'Daniel Taylor', 'dept-070', 'Sales Operations Manager', 90000, '2026-02-01 11:00:00', '2026-02-01 11:00:00'),
('emp-072', 'a.evans', 'amanda.evans@example.com', 'Amanda Evans', 'dept-071', 'Client Manager', 88000, '2026-02-15 12:00:00', '2026-02-15 12:00:00'),
('emp-073', 'j.moore', 'jason.moore@example.com', 'Jason Moore', 'dept-072', 'Event Planner', 70000, '2026-03-01 10:00:00', '2026-03-01 10:00:00'),
('emp-074', 'c.garcia', 'carlos.garcia@example.com', 'Carlos Garcia', 'dept-073', 'Warehouse Supervisor', 60000, '2026-03-15 11:00:00', '2026-03-15 11:00:00'),
('emp-075', 'm.rodriguez', 'maria.rodriguez@example.com', 'Maria Rodriguez', 'dept-074', 'Logistics Specialist', 72000, '2026-04-01 12:00:00', '2026-04-01 12:00:00'),
('emp-076', 'e.lopez', 'eric.lopez@example.com', 'Eric Lopez', 'dept-075', 'Import/Export Agent', 80000, '2026-04-15 10:00:00', '2026-04-15 10:00:00'),
('emp-077', 's.williams', 'sarah.williams@example.com', 'Sarah Williams', 'dept-076', 'Legal Counsel', 130000, '2026-05-01 11:00:00', '2026-05-01 11:00:00'),
('emp-078', 'b.davis', 'brian.davis@example.com', 'Brian Davis', 'dept-077', 'Patent Attorney', 150000, '2026-05-15 12:00:00', '2026-05-15 12:00:00'),
('emp-079', 'c.miller', 'christina.miller@example.com', 'Christina Miller', 'dept-078', 'M&A Lawyer', 160000, '2026-06-01 10:00:00', '2026-06-01 10:00:00'),
('emp-080', 'j.wilson', 'john.wilson@example.com', 'John Wilson', 'dept-079', 'Trademark Specialist', 125000, '2026-06-15 11:00:00', '2026-06-15 11:00:00'),
('emp-081', 's.smith', 'susan.smith@example.com', 'Susan Smith', 'dept-080', 'Contract Manager', 110000, '2026-07-01 12:00:00', '2026-07-01 12:00:00'),
('emp-082', 'd.jones', 'david.jones@example.com', 'David Jones', 'dept-081', 'Environmental Lawyer', 140000, '2026-07-15 10:00:00', '2026-07-15 10:00:00'),
('emp-083', 'l.williams', 'lisa.williams@example.com', 'Lisa Williams', 'dept-082', 'Intellectual Property Lawyer', 155000, '2026-08-01 11:00:00', '2026-08-01 11:00:00'),
('emp-084', 'p.brown', 'paul.brown@example.com', 'Paul Brown', 'dept-083', 'Internal Affairs Investigator', 95000, '2026-08-15 12:00:00', '2026-08-15 12:00:00'),
('emp-085', 'j.garcia', 'joseph.garcia@example.com', 'Joseph Garcia', 'dept-084', 'Forensic Accountant', 120000, '2026-09-01 10:00:00', '2026-09-01 10:00:00'),
('emp-086', 'm.miller', 'mary.miller@example.com', 'Mary Miller', 'dept-085', 'Fraud Investigator', 115000, '2026-09-15 11:00:00', '2026-09-15 11:00:00'),
('emp-087', 'a.jones', 'alex.jones@example.com', 'Alex Jones', 'dept-086', 'Operational Auditor', 100000, '2026-10-01 12:00:00', '2026-10-01 12:00:00'),
('emp-088', 't.smith', 'thomas.smith@example.com', 'Thomas Smith', 'dept-087', 'Strategic Planner', 135000, '2026-10-15 10:00:00', '2026-10-15 10:00:00'),
('emp-089', 'l.wilson2', 'lisa.wilson@example.com', 'Lisa Wilson', 'dept-088', 'Change Manager', 120000, '2026-11-01 11:00:00', '2026-11-01 11:00:00'),
('emp-090', 's.white', 'steven.white@example.com', 'Steven White', 'dept-089', 'Process Improvement Specialist', 105000, '2026-11-15 12:00:00', '2026-11-15 12:00:00'),
('emp-091', 'd.moore', 'david.moore@example.com', 'David Moore', 'dept-090', 'CSR Manager', 90000, '2026-12-01 10:00:00', '2026-12-01 10:00:00'),
('emp-092', 'a.clark2', 'amanda.clark@example.com', 'Amanda Clark', 'dept-091', 'Brand Manager', 115000, '2026-12-15 11:00:00', '2026-12-15 11:00:00'),
('emp-093', 'j.hill', 'james.hill@example.com', 'James Hill', 'dept-092', 'Product Launch Specialist', 100000, '2027-01-01 12:00:00', '2027-01-01 12:00:00'),
('emp-094', 'm.evans2', 'maria.evans@example.com', 'Maria Evans', 'dept-093', 'Market Analyst', 75000, '2027-01-15 10:00:00', '2027-01-15 10:00:00'),
('emp-095', 's.mitchell', 'steven.mitchell@example.com', 'Steven Mitchell', 'dept-094', 'Consumer Insights Analyst', 85000, '2027-02-01 11:00:00', '2027-02-01 11:00:00'),
('emp-096', 'c.phillips', 'carla.phillips@example.com', 'Carla Phillips', 'dept-095', 'R&D Director', 150000, '2027-02-15 12:00:00', '2027-02-15 12:00:00'),
('emp-097', 'r.campbell', 'robert.campbell@example.com', 'Robert Campbell', 'dept-096', 'Applied Scientist', 130000, '2027-03-01 10:00:00', '2027-03-01 10:00:00'),
('emp-098', 'j.baker', 'jennifer.baker@example.com', 'Jennifer Baker', 'dept-097', 'New Tech Researcher', 110000, '2027-03-15 11:00:00', '2027-03-15 11:00:00'),
('emp-099', 'a.carter', 'anthony.carter@example.com', 'Anthony Carter', 'dept-098', 'Prototyping Engineer', 95000, '2027-04-01 12:00:00', '2027-04-01 12:00:00'),
('emp-100', 'l.gonzalez', 'laura.gonzalez@example.com', 'Laura Gonzalez', 'dept-099', 'Pilot Program Manager', 110000, '2027-04-15 10:00:00', '2027-04-15 10:00:00');

INSERT INTO department_history (employee_id, old_department_id, new_department_id, change_date) VALUES
('emp-001', NULL, 'dept-001', '2023-01-15 09:00:00'),
('emp-002', NULL, 'dept-002', '2023-02-20 10:30:00'),
('emp-003', NULL, 'dept-005', '2023-03-10 11:45:00'),
('emp-004', NULL, 'dept-004', '2023-04-05 14:00:00'),
('emp-005', NULL, 'dept-003', '2023-05-01 09:30:00'),
('emp-006', NULL, 'dept-005', '2023-05-15 13:00:00'),
('emp-007', NULL, 'dept-006', '2023-06-25 15:00:00'),
('emp-008', NULL, 'dept-007', '2023-07-01 08:45:00'),
('emp-009', NULL, 'dept-008', '2023-07-10 10:15:00'),
('emp-010', NULL, 'dept-009', '2023-08-01 11:00:00'),
('emp-011', NULL, 'dept-010', '2023-08-20 14:30:00'),
('emp-012', NULL, 'dept-011', '2023-09-01 09:00:00'),
('emp-013', NULL, 'dept-012', '2023-09-15 10:45:00'),
('emp-014', NULL, 'dept-013', '2023-10-01 11:30:00'),
('emp-015', NULL, 'dept-014', '2023-10-10 15:00:00'),
('emp-016', NULL, 'dept-015', '2023-10-25 09:00:00'),
('emp-017', NULL, 'dept-016', '2023-11-01 10:00:00'),
('emp-018', NULL, 'dept-017', '2023-11-15 13:00:00'),
('emp-019', NULL, 'dept-018', '2023-12-01 14:30:00'),
('emp-020', NULL, 'dept-019', '2023-12-10 16:00:00'),
('emp-021', NULL, 'dept-020', '2024-01-05 09:00:00'),
('emp-022', NULL, 'dept-021', '2024-01-20 11:00:00'),
('emp-023', NULL, 'dept-022', '2024-02-01 10:30:00'),
('emp-024', NULL, 'dept-023', '2024-02-15 13:00:00'),
('emp-025', NULL, 'dept-024', '2024-03-01 14:00:00'),
('emp-026', NULL, 'dept-025', '2024-03-15 10:00:00'),
('emp-027', NULL, 'dept-026', '2024-04-01 09:30:00'),
('emp-028', NULL, 'dept-027', '2024-04-15 11:00:00'),
('emp-029', NULL, 'dept-028', '2024-05-01 13:00:00'),
('emp-030', NULL, 'dept-029', '2024-05-15 14:30:00'),
('emp-031', NULL, 'dept-030', '2024-06-01 10:00:00'),
('emp-032', NULL, 'dept-031', '2024-06-15 11:30:00'),
('emp-033', NULL, 'dept-032', '2024-07-01 09:00:00'),
('emp-034', NULL, 'dept-033', '2024-07-15 10:45:00'),
('emp-035', NULL, 'dept-034', '2024-08-01 13:00:00'),
('emp-036', NULL, 'dept-035', '2024-08-15 14:00:00'),
('emp-037', NULL, 'dept-036', '2024-09-01 09:30:00'),
('emp-038', NULL, 'dept-037', '2024-09-15 11:00:00'),
('emp-039', NULL, 'dept-038', '2024-10-01 10:00:00'),
('emp-040', NULL, 'dept-039', '2024-10-15 14:00:00'),
('emp-041', NULL, 'dept-040', '2024-11-01 11:00:00'),
('emp-042', NULL, 'dept-041', '2024-11-15 12:00:00'),
('emp-043', NULL, 'dept-042', '2024-12-01 09:00:00'),
('emp-044', NULL, 'dept-043', '2024-12-15 10:00:00'),
('emp-045', NULL, 'dept-044', '2025-01-01 11:30:00'),
('emp-046', NULL, 'dept-045', '2025-01-15 14:00:00'),
('emp-047', NULL, 'dept-046', '2025-02-01 09:00:00'),
('emp-048', NULL, 'dept-047', '2025-02-15 10:30:00'),
('emp-049', NULL, 'dept-048', '2025-03-01 11:00:00'),
('emp-050', NULL, 'dept-049', '2025-03-15 12:00:00'),
('emp-051', NULL, 'dept-050', '2025-04-01 10:00:00'),
('emp-052', NULL, 'dept-051', '2025-04-15 13:00:00'),
('emp-053', NULL, 'dept-052', '2025-05-01 09:00:00'),
('emp-054', NULL, 'dept-053', '2025-05-15 10:30:00'),
('emp-055', NULL, 'dept-054', '2025-06-01 11:00:00'),
('emp-056', NULL, 'dept-055', '2025-06-15 12:00:00'),
('emp-057', NULL, 'dept-056', '2025-07-01 10:00:00'),
('emp-058', NULL, 'dept-057', '2025-07-15 11:30:00'),
('emp-059', NULL, 'dept-058', '2025-08-01 09:00:00'),
('emp-060', NULL, 'dept-059', '2025-08-15 10:00:00'),
('emp-061', NULL, 'dept-060', '2025-09-01 11:00:00'),
('emp-062', NULL, 'dept-061', '2025-09-15 12:00:00'),
('emp-063', NULL, 'dept-062', '2025-10-01 10:30:00'),
('emp-064', NULL, 'dept-063', '2025-10-15 11:00:00'),
('emp-065', NULL, 'dept-064', '2025-11-01 09:00:00'),
('emp-066', NULL, 'dept-065', '2025-11-15 10:00:00'),
('emp-067', NULL, 'dept-066', '2025-12-01 11:00:00'),
('emp-068', NULL, 'dept-067', '2025-12-15 12:00:00'),
('emp-069', NULL, 'dept-068', '2026-01-01 09:00:00'),
('emp-070', NULL, 'dept-069', '2026-01-15 10:00:00'),
('emp-071', NULL, 'dept-070', '2026-02-01 11:00:00'),
('emp-072', NULL, 'dept-071', '2026-02-15 12:00:00'),
('emp-073', NULL, 'dept-072', '2026-03-01 10:00:00'),
('emp-074', NULL, 'dept-073', '2026-03-15 11:00:00'),
('emp-075', NULL, 'dept-074', '2026-04-01 12:00:00'),
('emp-076', NULL, 'dept-075', '2026-04-15 10:00:00'),
('emp-077', NULL, 'dept-076', '2026-05-01 11:00:00'),
('emp-078', NULL, 'dept-077', '2026-05-15 12:00:00'),
('emp-079', NULL, 'dept-078', '2026-06-01 10:00:00'),
('emp-080', NULL, 'dept-079', '2026-06-15 11:00:00'),
('emp-081', NULL, 'dept-080', '2026-07-01 12:00:00'),
('emp-082', NULL, 'dept-081', '2026-07-15 10:00:00'),
('emp-083', NULL, 'dept-082', '2026-08-01 11:00:00'),
('emp-084', NULL, 'dept-083', '2026-08-15 12:00:00'),
('emp-085', NULL, 'dept-084', '2026-09-01 10:00:00'),
('emp-086', NULL, 'dept-085', '2026-09-15 11:00:00'),
('emp-087', NULL, 'dept-086', '2026-10-01 12:00:00'),
('emp-088', NULL, 'dept-087', '2026-10-15 10:00:00'),
('emp-089', NULL, 'dept-088', '2026-11-01 11:00:00'),
('emp-090', NULL, 'dept-089', '2026-11-15 12:00:00'),
('emp-091', NULL, 'dept-090', '2026-12-01 10:00:00'),
('emp-092', NULL, 'dept-091', '2026-12-15 11:00:00'),
('emp-093', NULL, 'dept-092', '2027-01-01 12:00:00'),
('emp-094', NULL, 'dept-093', '2027-01-15 10:00:00'),
('emp-095', NULL, 'dept-094', '2027-02-01 11:00:00'),
('emp-096', NULL, 'dept-095', '2027-02-15 12:00:00'),
('emp-097', NULL, 'dept-096', '2027-03-01 10:00:00'),
('emp-098', NULL, 'dept-097', '2027-03-15 11:00:00'),
('emp-099', NULL, 'dept-098', '2027-04-01 12:00:00'),
('emp-100', NULL, 'dept-099', '2027-04-15 10:00:00');

INSERT INTO tasks (employee_id, task_name, description, due_date, status) VALUES
('emp-001', 'Q1 Sales Report', 'Complete the Q1 sales performance analysis and report.', '2023-03-31', 'COMPLETED'),
('emp-002', 'Marketing Campaign Launch', 'Launch the new product marketing campaign on social media platforms.', '2023-04-15', 'IN_PROGRESS'),
('emp-003', 'Backend Service Refactoring', 'Refactor the user authentication service for better performance.', '2023-05-01', 'TO_DO'),
('emp-004', 'Budget Review', 'Review and finalize the department budget for the next quarter.', '2023-04-20', 'COMPLETED'),
('emp-005', 'Onboarding New Hires', 'Prepare and conduct the onboarding session for 5 new employees.', '2023-05-10', 'COMPLETED'),
('emp-006', 'Data Model Optimization', 'Optimize the database schema for the new analytics feature.', '2023-06-01', 'IN_PROGRESS'),
('emp-007', 'Research New AI Algorithm', 'Conduct research on the latest AI algorithms for natural language processing.', '2023-08-30', 'IN_PROGRESS'),
('emp-008', 'Customer Support Training Manual', 'Create a new training manual for customer support agents.', '2023-07-20', 'COMPLETED'),
('emp-009', 'Server Migration', 'Migrate the legacy server to a new cloud-based infrastructure.', '2023-08-15', 'TO_DO'),
('emp-010', 'Contract Review', 'Review and approve the new vendor contracts.', '2023-08-25', 'COMPLETED'),
('emp-011', 'Product Roadmap Planning', 'Plan the product roadmap for the next 6 months based on user feedback.', '2023-09-30', 'IN_PROGRESS'),
('emp-012', 'Logistics Optimization', 'Analyze and optimize the supply chain logistics process.', '2023-10-10', 'IN_PROGRESS'),
('emp-013', 'Press Release Draft', 'Draft a press release for the upcoming product launch event.', '2023-10-05', 'COMPLETED'),
('emp-014', 'Inventory Audit', 'Perform a full audit of the warehouse inventory.', '2023-10-25', 'IN_PROGRESS'),
('emp-015', 'Automated Test Suite', 'Develop and implement an automated test suite for the web application.', '2023-11-15', 'TO_DO'),
('emp-016', 'Leadership Training Module', 'Develop a new training module for aspiring team leaders.', '2023-11-20', 'COMPLETED'),
('emp-017', 'Market Entry Strategy', 'Develop a strategic plan for entering a new international market.', '2023-12-01', 'IN_PROGRESS'),
('emp-018', 'Client Acquisition', 'Identify and contact potential new clients for business development.', '2023-12-10', 'IN_PROGRESS'),
('emp-019', 'User Flow Analysis', 'Analyze user behavior and identify pain points in the current application flow.', '2023-12-30', 'COMPLETED'),
('emp-020', 'Quarterly Data Analysis', 'Analyze quarterly sales and marketing data to find trends.', '2024-01-10', 'COMPLETED'),
('emp-021', 'Field Visit Report', 'Write a detailed report on field operations in the Eastern region.', '2024-01-25', 'IN_PROGRESS'),
('emp-022', 'Equipment Maintenance Schedule', 'Create a new maintenance schedule for all factory equipment.', '2024-02-10', 'TO_DO'),
('emp-023', 'Compliance Audit', 'Conduct a full compliance audit for all new regulations.', '2024-02-25', 'IN_PROGRESS'),
('emp-024', 'Recruitment Drive', 'Organize and execute a company-wide recruitment drive.', '2024-03-15', 'COMPLETED'),
('emp-025', 'Stakeholder Communication Plan', 'Develop a communication plan for all key stakeholders.', '2024-03-30', 'IN_PROGRESS'),
('emp-026', 'Internal Newsletter', 'Write and publish the monthly internal company newsletter.', '2024-04-05', 'COMPLETED'),
('emp-027', 'Safety Protocol Review', 'Review and update the workplace health and safety protocols.', '2024-04-20', 'IN_PROGRESS'),
('emp-028', 'Community Event Planning', 'Plan the annual company-sponsored community event.', '2024-05-01', 'TO_DO'),
('emp-029', 'Vendor Vetting', 'Vet new potential vendors for the procurement department.', '2024-05-20', 'COMPLETED'),
('emp-030', 'Supply Chain Risk Assessment', 'Assess potential risks in the global supply chain.', '2024-06-15', 'IN_PROGRESS'),
('emp-031', 'Risk Mitigation Strategy', 'Develop a strategy to mitigate identified financial risks.', '2024-06-30', 'COMPLETED'),
('emp-032', 'Portfolio Analysis', 'Analyze the current investment portfolio performance.', '2024-07-15', 'COMPLETED'),
('emp-033', 'Merger Integration Plan', 'Create a detailed plan for the integration of a newly acquired company.', '2024-08-01', 'IN_PROGRESS'),
('emp-034', 'Quarterly Internal Audit', 'Conduct the quarterly internal audit of company finances.', '2024-08-10', 'TO_DO'),
('emp-035', 'Customer Segmentation Model', 'Build a new customer segmentation model using machine learning.', '2024-09-01', 'IN_PROGRESS'),
('emp-036', 'User Journey Map', 'Create a detailed user journey map for the mobile application.', '2024-09-15', 'COMPLETED'),
('emp-037', 'Security Vulnerability Scan', 'Perform a security vulnerability scan on all internal systems.', '2024-10-01', 'IN_PROGRESS'),
('emp-038', 'Cloud Cost Optimization', 'Analyze and optimize cloud infrastructure costs.', '2024-10-10', 'COMPLETED'),
('emp-039', 'Robot Arm Calibration', 'Calibrate the new robotic arm for the manufacturing line.', '2024-11-01', 'TO_DO'),
('emp-040', 'Process Automation', 'Automate the daily data backup process.', '2024-11-15', 'IN_PROGRESS'),
('emp-041', 'Sustainability Report', 'Write the annual corporate sustainability report.', '2024-12-01', 'COMPLETED'),
('emp-042', 'Investor Deck Preparation', 'Prepare the presentation deck for the next investor meeting.', '2024-12-15', 'IN_PROGRESS'),
('emp-043', 'Employee Satisfaction Survey', 'Conduct and analyze the annual employee satisfaction survey.', '2025-01-01', 'COMPLETED'),
('emp-044', 'Grievance Handling Protocol', 'Develop a new protocol for handling employee grievances.', '2025-01-15', 'TO_DO'),
('emp-045', 'Compensation Benchmarking', 'Benchmark current employee compensation against industry standards.', '2025-02-01', 'IN_PROGRESS'),
('emp-046', 'Performance Review System', 'Implement a new performance review system.', '2025-02-15', 'COMPLETED'),
('emp-047', 'Organizational Restructuring Plan', 'Develop a plan for a small-scale organizational restructuring.', '2025-03-01', 'IN_PROGRESS'),
('emp-048', 'Payroll System Upgrade', 'Upgrade the company payroll system.', '2025-03-15', 'TO_DO'),
('emp-049', 'Quarterly Financial Statements', 'Prepare the quarterly financial statements for the accounting department.', '2025-04-01', 'COMPLETED'),
('emp-050', 'Cash Flow Forecast', 'Create a cash flow forecast for the next 3 quarters.', '2025-04-15', 'IN_PROGRESS'),
('emp-051', 'Tax Compliance Report', 'Prepare the annual tax compliance report.', '2025-05-01', 'TO_DO'),
('emp-052', 'Budget Allocation Plan', 'Develop the budget allocation plan for new projects.', '2025-05-15', 'IN_PROGRESS'),
('emp-053', 'Financial Risk Assessment', 'Assess financial risks for a new corporate investment.', '2025-06-01', 'COMPLETED'),
('emp-054', 'Credit Report Analysis', 'Analyze credit reports for new business clients.', '2025-06-15', 'IN_PROGRESS'),
('emp-055', 'Annual Financial Report', 'Prepare the annual financial report for shareholders.', '2025-07-01', 'COMPLETED'),
('emp-056', 'New Project Proposal', 'Write a proposal for a new project to improve efficiency.', '2025-07-15', 'TO_DO'),
('emp-057', 'Frontend Bug Fixes', 'Fix critical bugs in the application frontend.', '2025-08-01', 'IN_PROGRESS'),
('emp-058', 'New Server Installation', 'Install and configure a new physical server.', '2025-08-15', 'COMPLETED'),
('emp-059', 'Network Security Review', 'Review the company network security protocols.', '2025-09-01', 'IN_PROGRESS'),
('emp-060', 'System Backup', 'Perform a full system backup and recovery test.', '2025-09-15', 'COMPLETED'),
('emp-061', 'Database Performance Tuning', 'Tune the main database for better query performance.', '2025-10-01', 'IN_PROGRESS'),
('emp-062', 'Security Incident Response Plan', 'Develop a new incident response plan for security breaches.', '2025-10-15', 'TO_DO'),
('emp-063', 'Security Policy Update', 'Update the company information security policy.', '2025-11-01', 'COMPLETED'),
('emp-064', 'Blog Content Plan', 'Create a content plan for the company blog for the next quarter.', '2025-11-15', 'IN_PROGRESS'),
('emp-065', 'Social Media Analytics', 'Analyze social media engagement and traffic data.', '2025-12-01', 'COMPLETED'),
('emp-066', 'SEO Keyword Research', 'Perform keyword research for new product pages.', '2025-12-15', 'IN_PROGRESS'),
('emp-067', 'Media Relations Strategy', 'Develop a new media relations strategy for the upcoming year.', '2026-01-01', 'TO_DO'),
('emp-068', 'Competitor Market Research', 'Conduct market research on key competitors.', '2026-01-15', 'COMPLETED'),
('emp-069', 'Customer Feedback Report', 'Compile a report on customer feedback from the last quarter.', '2026-02-01', 'IN_PROGRESS'),
('emp-070', 'Troubleshooting Guide', 'Create a technical troubleshooting guide for common issues.', '2026-02-15', 'COMPLETED'),
('emp-071', 'Sales Pipeline Analysis', 'Analyze the current sales pipeline and forecast future revenue.', '2026-03-01', 'TO_DO'),
('emp-072', 'Key Account Management', 'Develop a strategy for managing key client accounts.', '2026-03-15', 'IN_PROGRESS'),
('emp-073', 'Client Appreciation Event', 'Organize a client appreciation event.', '2026-04-01', 'COMPLETED'),
('emp-074', 'Warehouse Layout Optimization', 'Optimize the warehouse layout for improved efficiency.', '2026-04-15', 'IN_PROGRESS'),
('emp-075', 'Shipping Route Analysis', 'Analyze shipping routes to reduce transportation costs.', '2026-05-01', 'TO_DO'),
('emp-076', 'Customs Regulations Review', 'Review new customs regulations for international shipments.', '2026-05-15', 'COMPLETED'),
('emp-077', 'Legal Case Preparation', 'Prepare legal documents for an ongoing lawsuit.', '2026-06-01', 'IN_PROGRESS'),
('emp-078', 'New Patent Application', 'File a patent application for new company technology.', '2026-06-15', 'COMPLETED'),
('emp-079', 'Merger Agreement Draft', 'Draft the legal agreement for an upcoming company merger.', '2026-07-01', 'IN_PROGRESS'),
('emp-080', 'Trademark Registration', 'Register a new company trademark.', '2026-07-15', 'TO_DO'),
('emp-081', 'Contract Renewal Review', 'Review and prepare for key contract renewals.', '2026-08-01', 'COMPLETED'),
('emp-082', 'Environmental Impact Assessment', 'Assess the environmental impact of a new manufacturing process.', '2026-08-15', 'IN_PROGRESS'),
('emp-083', 'IP Portfolio Management', 'Manage and update the company\'s intellectual property portfolio.', '2026-09-01', 'COMPLETED'),
('emp-084', 'Internal Investigation Report', 'Write a report on a recent internal investigation.', '2026-09-15', 'TO_DO'),
('emp-085', 'Financial Fraud Audit', 'Conduct an audit to investigate potential financial fraud.', '2026-10-01', 'IN_PROGRESS'),
('emp-086', 'Fraud Prevention Policy', 'Develop a new policy for fraud prevention.', '2026-10-15', 'COMPLETED'),
('emp-087', 'Operational Audit Report', 'Write a report on the latest operational audit findings.', '2026-11-01', 'IN_PROGRESS'),
('emp-088', 'Corporate Strategy Review', 'Review the company\'s overall corporate strategy for the next year.', '2026-11-15', 'COMPLETED'),
('emp-089', 'Change Management Plan', 'Develop a change management plan for a new system implementation.', '2026-12-01', 'TO_DO'),
('emp-090', 'Process Flowchart', 'Create a flowchart for the new employee onboarding process.', '2026-12-15', 'IN_PROGRESS'),
('emp-091', 'CSR Program Report', 'Write a report on the impact of the company\'s CSR programs.', '2027-01-01', 'COMPLETED'),
('emp-092', 'Brand Guideline Update', 'Update the company\'s brand guidelines.', '2027-01-15', 'IN_PROGRESS'),
('emp-093', 'New Product Launch Plan', 'Create a comprehensive plan for a new product launch.', '2027-02-01', 'TO_DO'),
('emp-094', 'Market Trend Analysis', 'Analyze recent market trends in the technology sector.', '2027-02-15', 'COMPLETED'),
('emp-095', 'Customer Insight Report', 'Write a report on key customer insights from surveys.', '2027-03-01', 'IN_PROGRESS'),
('emp-096', 'R&D Budget Proposal', 'Prepare the budget proposal for the R&D department.', '2027-03-15', 'COMPLETED'),
('emp-097', 'New Scientific Research Paper', 'Write a research paper on recent scientific findings.', '2027-04-01', 'IN_PROGRESS'),
('emp-098', 'Prototype Development', 'Develop a working prototype for a new device.', '2027-04-15', 'TO_DO'),
('emp-099', 'Pilot Program Report', 'Write a report on the results of the recent pilot program.', '2027-05-01', 'COMPLETED'),
('emp-100', 'New Business Model Analysis', 'Analyze potential new business models for the company.', '2027-05-15', 'IN_PROGRESS');

INSERT INTO lunch_logs (employee_id, lunch_date, meal_type, restaurant, notes) VALUES
('emp-001', '2023-01-16', 'Lunch', 'The Burger Joint', 'Team lunch with sales department.'),
('emp-002', '2023-02-21', 'Lunch', 'Pasta Paradise', 'Lunch with new marketing hires.'),
('emp-003', '2023-03-11', 'Lunch', 'Taco Fiesta', 'Lunch with the dev team.'),
('emp-004', '2023-04-06', 'Lunch', 'Healthy Bowl', 'Grabbed a quick salad.'),
('emp-005', '2023-05-02', 'Lunch', 'BBQ Pit', 'Celebratory lunch for new project start.'),
('emp-006', '2023-05-16', 'Lunch', 'Sushi Express', 'Quick sushi lunch.'),
('emp-007', '2023-06-26', 'Lunch', 'Pizza Palace', 'Lunch with the research team.'),
('emp-008', '2023-07-02', 'Lunch', 'Subway', 'Grab and go lunch.'),
('emp-009', '2023-07-11', 'Lunch', 'Noodle House', 'Lunch with IT team.'),
('emp-010', '2023-08-02', 'Lunch', 'Steakhouse', 'Lunch with legal team.'),
('emp-011', '2023-08-21', 'Lunch', 'Coffee Shop', 'Quick sandwich lunch.'),
('emp-012', '2023-09-02', 'Lunch', 'Deli', 'Lunch at the office.'),
('emp-013', '2023-09-16', 'Lunch', 'Chinese Buffet', 'Lunch with PR team.'),
('emp-014', '2023-10-02', 'Lunch', 'Mexican Grill', 'Lunch with logistics team.'),
('emp-015', '2023-10-11', 'Lunch', 'Sushi Bar', 'Lunch with QA team.'),
('emp-016', '2023-10-26', 'Lunch', 'Indian Cuisine', 'Lunch with training team.'),
('emp-017', '2023-11-02', 'Lunch', 'Thai Restaurant', 'Lunch with strategy team.'),
('emp-018', '2023-11-16', 'Lunch', 'Italian Cafe', 'Lunch with new business development team.'),
('emp-019', '2023-12-02', 'Lunch', 'Sandwich Shop', 'Grabbed a quick sandwich.'),
('emp-020', '2023-12-11', 'Lunch', 'Korean BBQ', 'Lunch with data analytics team.'),
('emp-021', '2024-01-06', 'Lunch', 'Salad Bar', 'Healthy lunch.'),
('emp-022', '2024-01-21', 'Lunch', 'Burgers and Fries', 'Lunch with maintenance crew.'),
('emp-023', '2024-02-02', 'Lunch', 'Thai Express', 'Lunch with compliance officer.'),
('emp-024', '2024-02-16', 'Lunch', 'Steakhouse', 'Lunch with recruitment specialist.'),
('emp-025', '2024-03-02', 'Lunch', 'Italian Restaurant', 'Lunch with corporate affairs team.'),
('emp-026', '2024-03-16', 'Lunch', 'Sandwich Shop', 'Quick lunch.'),
('emp-027', '2024-04-02', 'Lunch', 'Indian Takeout', 'Lunch with safety officer.'),
('emp-028', '2024-04-16', 'Lunch', 'Pizza Hut', 'Lunch with community relations manager.'),
('emp-029', '2024-05-02', 'Lunch', 'Mexican Cafe', 'Lunch with procurement officer.'),
('emp-030', '2024-05-16', 'Lunch', 'Salad Bar', 'Healthy lunch.'),
('emp-031', '2024-06-02', 'Lunch', 'Burger King', 'Quick lunch.'),
('emp-032', '2024-06-16', 'Lunch', 'Chinese Restaurant', 'Lunch with investment team.'),
('emp-033', '2024-07-02', 'Lunch', 'Sushi Place', 'Lunch with M&A team.'),
('emp-034', '2024-07-16', 'Lunch', 'Deli', 'Lunch with internal auditor.'),
('emp-035', '2024-08-02', 'Lunch', 'Thai Express', 'Lunch with data scientist.'),
('emp-036', '2024-08-16', 'Lunch', 'Pizza Place', 'Lunch with UX researcher.'),
('emp-037', '2024-09-02', 'Lunch', 'Burger Joint', 'Lunch with cybersecurity analyst.'),
('emp-038', '2024-09-16', 'Lunch', 'Noodle Shop', 'Lunch with cloud engineer.'),
('emp-039', '2024-10-02', 'Lunch', 'Sushi Bar', 'Lunch with robotics engineer.'),
('emp-040', '2024-10-16', 'Lunch', 'Cafe', 'Quick sandwich lunch.'),
('emp-041', '2024-11-02', 'Lunch', 'Healthy Bowl', 'Healthy lunch.'),
('emp-042', '2024-11-16', 'Lunch', 'Deli', 'Lunch with investor relations manager.'),
('emp-043', '2024-12-02', 'Lunch', 'Pizza Palace', 'Lunch with talent manager.'),
('emp-044', '2024-12-16', 'Lunch', 'Indian Cuisine', 'Lunch with employee relations specialist.'),
('emp-045', '2025-01-02', 'Lunch', 'Thai Restaurant', 'Lunch with compensation analyst.'),
('emp-046', '2025-01-16', 'Lunch', 'Italian Cafe', 'Lunch with performance manager.'),
('emp-047', '2025-02-02', 'Lunch', 'Sandwich Shop', 'Quick lunch.'),
('emp-048', '2025-02-16', 'Lunch', 'Korean BBQ', 'Lunch with payroll specialist.'),
('emp-049', '2025-03-02', 'Lunch', 'Salad Bar', 'Healthy lunch.'),
('emp-050', '2025-03-16', 'Lunch', 'Burgers and Fries', 'Lunch with treasury analyst.'),
('emp-051', '2025-04-02', 'Lunch', 'Thai Express', 'Lunch with tax advisor.'),
('emp-052', '2025-04-16', 'Lunch', 'Steakhouse', 'Lunch with financial planner.'),
('emp-053', '2025-05-02', 'Lunch', 'Italian Restaurant', 'Lunch with corporate finance manager.'),
('emp-054', '2025-05-16', 'Lunch', 'Sandwich Shop', 'Quick lunch.'),
('emp-055', '2025-06-02', 'Lunch', 'Indian Takeout', 'Lunch with financial reporter.'),
('emp-056', '2025-06-16', 'Lunch', 'Pizza Hut', 'Lunch with project coordinator.'),
('emp-057', '2025-07-02', 'Lunch', 'Mexican Cafe', 'Lunch with software developer.'),
('emp-058', '2025-07-16', 'Lunch', 'Salad Bar', 'Healthy lunch.'),
('emp-059', '2025-08-02', 'Lunch', 'Burger King', 'Quick lunch.'),
('emp-060', '2025-08-16', 'Lunch', 'Chinese Restaurant', 'Lunch with systems administrator.'),
('emp-061', '2025-09-02', 'Lunch', 'Sushi Place', 'Lunch with database administrator.'),
('emp-062', '2025-09-16', 'Lunch', 'Deli', 'Lunch with security analyst.'),
('emp-063', '2025-10-02', 'Lunch', 'Thai Express', 'Lunch with information security officer.'),
('emp-064', '2025-10-16', 'Lunch', 'Pizza Place', 'Lunch with content creator.'),
('emp-065', '2025-11-02', 'Lunch', 'Burger Joint', 'Lunch with social media manager.'),
('emp-066', '2025-11-16', 'Lunch', 'Noodle Shop', 'Lunch with SEO specialist.'),
('emp-067', '2025-12-02', 'Lunch', 'Sushi Bar', 'Lunch with PR manager.'),
('emp-068', '2025-12-16', 'Lunch', 'Cafe', 'Quick sandwich lunch.'),
('emp-069', '2026-01-02', 'Lunch', 'Healthy Bowl', 'Healthy lunch.'),
('emp-070', '2026-01-16', 'Lunch', 'Deli', 'Lunch with technical support specialist.'),
('emp-071', '2026-02-02', 'Lunch', 'Pizza Palace', 'Lunch with sales operations manager.'),
('emp-072', '2026-02-16', 'Lunch', 'Indian Cuisine', 'Lunch with client manager.'),
('emp-073', '2026-03-02', 'Lunch', 'Thai Restaurant', 'Lunch with event planner.'),
('emp-074', '2026-03-16', 'Lunch', 'Italian Cafe', 'Lunch with warehouse supervisor.'),
('emp-075', '2026-04-02', 'Lunch', 'Sandwich Shop', 'Quick lunch.'),
('emp-076', '2026-04-16', 'Lunch', 'Korean BBQ', 'Lunch with import/export agent.'),
('emp-077', '2026-05-02', 'Lunch', 'Salad Bar', 'Healthy lunch.'),
('emp-078', '2026-05-16', 'Lunch', 'Burgers and Fries', 'Lunch with patent attorney.'),
('emp-079', '2026-06-02', 'Lunch', 'Thai Express', 'Lunch with M&A lawyer.'),
('emp-080', '2026-06-16', 'Lunch', 'Steakhouse', 'Lunch with trademark specialist.'),
('emp-081', '2026-07-02', 'Lunch', 'Italian Restaurant', 'Lunch with contract manager.'),
('emp-082', '2026-07-16', 'Lunch', 'Sandwich Shop', 'Quick lunch.'),
('emp-083', '2026-08-02', 'Lunch', 'Indian Takeout', 'Lunch with intellectual property lawyer.'),
('emp-084', '2026-08-16', 'Lunch', 'Pizza Hut', 'Lunch with internal affairs investigator.'),
('emp-085', '2026-09-02', 'Lunch', 'Mexican Cafe', 'Lunch with forensic accountant.'),
('emp-086', '2026-09-16', 'Lunch', 'Salad Bar', 'Healthy lunch.'),
('emp-087', '2026-10-02', 'Lunch', 'Burger King', 'Quick lunch.'),
('emp-088', '2026-10-16', 'Lunch', 'Chinese Restaurant', 'Lunch with strategic planner.'),
('emp-089', '2026-11-02', 'Lunch', 'Sushi Place', 'Lunch with change manager.'),
('emp-090', '2026-11-16', 'Lunch', 'Deli', 'Lunch with process improvement specialist.'),
('emp-091', '2026-12-02', 'Lunch', 'Thai Express', 'Lunch with CSR manager.'),
('emp-092', '2026-12-16', 'Lunch', 'Pizza Place', 'Lunch with brand manager.'),
('emp-093', '2027-01-02', 'Lunch', 'Burger Joint', 'Lunch with product launch specialist.'),
('emp-094', '2027-01-16', 'Lunch', 'Noodle Shop', 'Lunch with market analyst.'),
('emp-095', '2027-02-02', 'Lunch', 'Sushi Bar', 'Lunch with consumer insights analyst.'),
('emp-096', '2027-02-16', 'Lunch', 'Cafe', 'Quick sandwich lunch.'),
('emp-097', '2027-03-02', 'Lunch', 'Healthy Bowl', 'Healthy lunch.'),
('emp-098', '2027-03-16', 'Lunch', 'Deli', 'Lunch with new tech researcher.'),
('emp-099', '2027-04-02', 'Lunch', 'Pizza Palace', 'Lunch with prototyping engineer.'),
('emp-100', '2027-04-16', 'Lunch', 'Indian Cuisine', 'Lunch with pilot program manager.');